sonal_mansingh,Rajalaxmi_Manda
sonal_mansingh,Cyberdost
sonal_mansingh,ignca_delhi
sonal_mansingh,MinOfCultureGoI
sonal_mansingh,NMAppVrtualMeet
sonal_mansingh,ArundhatiDevi5
sonal_mansingh,DDNewslive
sonal_mansingh,RailMinIndia
sonal_mansingh,prahladspatel
sonal_mansingh,WHCongress
sonal_mansingh,govardhanmath
sonal_mansingh,AOC
sonal_mansingh,Connor_Tear24
sonal_mansingh,sydneyrandalll
sonal_mansingh,mjakbar
sonal_mansingh,awasthis
sonal_mansingh,rashtrapatibhvn
sonal_mansingh,CMOfficeUP
sonal_mansingh,bibekdebroy
sonal_mansingh,PavanRanaRSS
sonal_mansingh,Kaaryakarta
sonal_mansingh,RakeshSinha01
sonal_mansingh,SanghParivarOrg
sonal_mansingh,amitmalviya
sonal_mansingh,sudheerb2000
sonal_mansingh,amitabhk87
sonal_mansingh,HasmukhbhiD
sonal_mansingh,NMenonRao
sonal_mansingh,dpradhanbjp
sonal_mansingh,nytimes
sonal_mansingh,IndianDiplomacy
sonal_mansingh,POI13
sonal_mansingh,vineetachugh
sonal_mansingh,newslaundry
sonal_mansingh,KalamCenter
sonal_mansingh,shridevsharma
sonal_mansingh,sambitswaraj
sonal_mansingh,RaghuAiyar
sonal_mansingh,anchalvohra
sonal_mansingh,friendsofbjp
sonal_mansingh,PrathibhaP
sonal_mansingh,bjpsamvad
sonal_mansingh,narendramodi_in
sonal_mansingh,puneetnanda
sonal_mansingh,rashmimalik1
sonal_mansingh,BJP4India
sonal_mansingh,rajnathsingh
sonal_mansingh,HMOIndia
sonal_mansingh,kamalmeattle
sonal_mansingh,PrakashJavdekar
sonal_mansingh,narendramodi
sonal_mansingh,PMOIndia
sonal_mansingh,shekharkapur
sonal_mansingh,SrBachchan
sonal_mansingh,pbmehta
sonal_mansingh,DeShobhaa
sonal_mansingh,DD_Bharati
sonal_mansingh,ChouhanShivraj
sonal_mansingh,sureshpprabhu
sonal_mansingh,SushmaSwaraj
sonal_mansingh,AmitShah
sonal_mansingh,suhasinih
sonal_mansingh,Suhelseth
sonal_mansingh,arunjaitley
sonal_mansingh,DalaiLama
sonal_mansingh,PiyushGoyal
sonal_mansingh,rammadhavbjp
sonal_mansingh,vikramsampath
sonal_mansingh,CNNnews18
sonal_mansingh,d_jaishankar
sonal_mansingh,nsitharaman
sonal_mansingh,Narthakiweb
sonal_mansingh,smritiirani
sonal_mansingh,M_Lekhi
sonal_mansingh,BDUTT
sonal_mansingh,SadhviBhagawati
sonal_mansingh,spicmacay
sonal_mansingh,jawharsircar
sonal_mansingh,ExFiles_AMemoir
IndoreNagpur,kappansky
IndoreNagpur,safiranand
IndoreNagpur,Nitin_Rivaldo
IndoreNagpur,szarabi
IndoreNagpur,svembu
IndoreNagpur,zoho
IndoreNagpur,zohocares
IndoreNagpur,iAnkurSingh
IndoreNagpur,DineshDSouza
IndoreNagpur,AKTKadmin
IndoreNagpur,RSBNetwork
IndoreNagpur,AOC
IndoreNagpur,Connor_Tear24
IndoreNagpur,sydneyrandalll
IndoreNagpur,JumbuTweeple
IndoreNagpur,signalapp
IndoreNagpur,RyanAFournier
IndoreNagpur,PeterSweden7
IndoreNagpur,Tejasvi_Surya
IndoreNagpur,IWV
IndoreNagpur,banasinghpvc
IndoreNagpur,kaalicharan_ji
IndoreNagpur,LeFaffa
IndoreNagpur,TheCommuneMag
IndoreNagpur,joshdcaplan
IndoreNagpur,onetiponehand_
IndoreNagpur,KaagazS
IndoreNagpur,RanvirShorey
IndoreNagpur,sewanyaya
IndoreNagpur,TooSatisfied
IndoreNagpur,shashidhotre
IndoreNagpur,maisooru
IndoreNagpur,SenTedCruz
IndoreNagpur,DDNational
IndoreNagpur,AkashvaniAIR
IndoreNagpur,prasarbharati
IndoreNagpur,PIBFactCheck
IndoreNagpur,PBNS_India
IndoreNagpur,pandurangpai40
IndoreNagpur,dtptraffic
IndoreNagpur,BharadwajSpeaks
IndoreNagpur,HumansNoContext
IndoreNagpur,actualjack
IndoreNagpur,IndianOilcl
IndoreNagpur,tedcruz
IndoreNagpur,HistoryInPics
IndoreNagpur,CNNnews18
IndoreNagpur,shireen818
IndoreNagpur,FoxNews
IndoreNagpur,KanwalSibal
IndoreNagpur,esaagar
IndoreNagpur,politico
IndoreNagpur,KyaUkhaadLega
IndoreNagpur,TulsiPress
IndoreNagpur,aks_avn
IndoreNagpur,myntra
IndoreNagpur,GemsOfBollywood
IndoreNagpur,barbarindian
IndoreNagpur,Ajeet_IND_
IndoreNagpur,TwitterSupport
IndoreNagpur,kansaratva
IndoreNagpur,NaviKRStan
IndoreNagpur,techinsider
IndoreNagpur,MeghUpdates
IndoreNagpur,GordonGChang
IndoreNagpur,Manik_M_Jolly
IndoreNagpur,BrigMps
IndoreNagpur,NIA_India
IndoreNagpur,avarakai
IndoreNagpur,PoetryTales
IndoreNagpur,mystiquememoir
IndoreNagpur,ZeeNews
IndoreNagpur,KanganaTeam
IndoreNagpur,Voice_For_India
IndoreNagpur,TheJaggi
IndoreNagpur,iMac_too
IndoreNagpur,littlelizziev
IndoreNagpur,swati_gs
IndoreNagpur,indiainpixels
IndoreNagpur,tushar
IndoreNagpur,Shehzad_Ind
IndoreNagpur,DuckDuckGo
IndoreNagpur,prafullaketkar
IndoreNagpur,Koenraad_Elst
IndoreNagpur,MNageswarRaoIPS
IndoreNagpur,TheSkandar
IndoreNagpur,ShamikaRavi
IndoreNagpur,by2kaafi
IndoreNagpur,republic
IndoreNagpur,johnaustin47
IndoreNagpur,YearOfTheKraken
IndoreNagpur,Times4India
IndoreNagpur,Kal_Chiron
IndoreNagpur,AstroAmigo
IndoreNagpur,CovidTrackingIn
IndoreNagpur,ralpharakal
IndoreNagpur,DataGuyRedux
IndoreNagpur,ChirrupsApp
IndoreNagpur,Time4KnowIedge
IndoreNagpur,deepolice12
IndoreNagpur,AikyaBharatSena
IndoreNagpur,nepometer
IndoreNagpur,DanishSait
IndoreNagpur,FaiHaider
IndoreNagpur,NeetuGarg6
IndoreNagpur,indianwhistlers
IndoreNagpur,TheWolfpackIN
IndoreNagpur,IMD_Earthquake
IndoreNagpur,Chellaney
IndoreNagpur,dubash
IndoreNagpur,SJha1618
IndoreNagpur,Maveric94280289
IndoreNagpur,ShivAroor
IndoreNagpur,ICMRDELHI
IndoreNagpur,Soumyadipta
IndoreNagpur,NellSur
IndoreNagpur,TulsiGabbard
IndoreNagpur,DCP_Noida
IndoreNagpur,CP_Noida
IndoreNagpur,noida_dialogue
IndoreNagpur,112UttarPradesh
IndoreNagpur,RealCandaceO
IndoreNagpur,Wangchuk66
IndoreNagpur,Indiametdept
IndoreNagpur,MIB_India
IndoreNagpur,PIBHindi
IndoreNagpur,jack
IndoreNagpur,MarkDice
IndoreNagpur,FaheemYounus
IndoreNagpur,CovidIndiaSeva
IndoreNagpur,AstraZeneca
IndoreNagpur,CarryMinati
IndoreNagpur,PankajSinghBJP
IndoreNagpur,WorkInSync_MIS
IndoreNagpur,mepratap
IndoreNagpur,DeptGbn
IndoreNagpur,DhirendraGBN
IndoreNagpur,TOINoida
IndoreNagpur,drapr007
IndoreNagpur,flightradar24
IndoreNagpur,sri9011
IndoreNagpur,RealJamesWoods
IndoreNagpur,moayush
IndoreNagpur,Anirudh_Astro
IndoreNagpur,AishwaryaMudgil
IndoreNagpur,Joshirahulmena1
IndoreNagpur,DGP_MP
IndoreNagpur,MPDial100
IndoreNagpur,NorbertElekes
IndoreNagpur,manhasvikas41
IndoreNagpur,ResearchWing
IndoreNagpur,dmgbnagar
IndoreNagpur,swiggy_in
IndoreNagpur,Knowledge9nro
IndoreNagpur,Abdulkadir_up
IndoreNagpur,bhAratenduH
IndoreNagpur,DG_PIB
IndoreNagpur,rajbhagatt
IndoreNagpur,covid19indiaorg
IndoreNagpur,RailMinIndia
IndoreNagpur,adamscrabble
IndoreNagpur,MoHFW_INDIA
IndoreNagpur,amargov
IndoreNagpur,HariManjhi
IndoreNagpur,TheAhmedShariff
IndoreNagpur,jenniferatntd
IndoreNagpur,RMCpost
IndoreNagpur,SanjeevSanskrit
IndoreNagpur,CestMoiz
IndoreNagpur,PoliticalKida
IndoreNagpur,LotusBharat
IndoreNagpur,DGQAIndia
IndoreNagpur,nsitharaman
IndoreNagpur,rajshekharTOI
IndoreNagpur,governorswaraj
IndoreNagpur,DefProdnIndia
IndoreNagpur,Cold_Peace_
IndoreNagpur,shantanug_
IndoreNagpur,live_manthan
IndoreNagpur,PTI_News
IndoreNagpur,utkarsh_aanand
IndoreNagpur,wonderofscience
IndoreNagpur,Sr1vatsanV
IndoreNagpur,bezubaan
IndoreNagpur,DrSJaishankar
IndoreNagpur,gopimaliwal
IndoreNagpur,cctv_idiots
IndoreNagpur,buitengebieden_
IndoreNagpur,moumachee
IndoreNagpur,YTF_Bharat
IndoreNagpur,OrgPhysics
IndoreNagpur,Leopard212
IndoreNagpur,RajatSharmaLive
IndoreNagpur,ramprasad_c
IndoreNagpur,orfevents
IndoreNagpur,Himalaya2Home
IndoreNagpur,NavroopSingh_
IndoreNagpur,Si_lv_er
IndoreNagpur,BhairaviAshar
IndoreNagpur,TheLeaflet_in
IndoreNagpur,freentglty
IndoreNagpur,ThinkersPad
IndoreNagpur,nailainayat
IndoreNagpur,msmatoria
IndoreNagpur,hussain_imtiyaz
IndoreNagpur,MoPNG_eSeva
IndoreNagpur,AtifBjp
IndoreNagpur,MEAIndia
IndoreNagpur,megirish2001
IndoreNagpur,noidatraffic
IndoreNagpur,cccinoida
IndoreNagpur,noidapolice
IndoreNagpur,amitmalviya
IndoreNagpur,NCPCR_
IndoreNagpur,Cyberdost
IndoreNagpur,IntelCrab
IndoreNagpur,NDRFHQ
IndoreNagpur,Swamy39
IndoreNagpur,RT_com
IndoreNagpur,HardeepSPuri
IndoreNagpur,PIB_India
IndoreNagpur,desitechy
IndoreNagpur,ushachoudhry
IndoreNagpur,nayanikaaa
IndoreNagpur,RitaG74
IndoreNagpur,abhijitmajumder
IndoreNagpur,DestinyBlaze2
IndoreNagpur,Amul_Coop
IndoreNagpur,tweetingsourav
IndoreNagpur,BJP4Indore
IndoreNagpur,AyushmanNHA
IndoreNagpur,LiveLawIndia
IndoreNagpur,barandbench
IndoreNagpur,spectatorindex
IndoreNagpur,ncsad72
IndoreNagpur,ABPNews
IndoreNagpur,niku1630
IndoreNagpur,shivkmishr
IndoreNagpur,ChinarcorpsIA
IndoreNagpur,ANINewsUP
IndoreNagpur,IndiaHistorypic
IndoreNagpur,nitingokhale
IndoreNagpur,IAF_MCC
IndoreNagpur,VikasSaraswat
IndoreNagpur,bhootnath
IndoreNagpur,airnewsalerts
IndoreNagpur,SkymetWeather
IndoreNagpur,AgentSaffron
IndoreNagpur,BJP4Karnataka
IndoreNagpur,BJP4MP
IndoreNagpur,anshul_aliganj
IndoreNagpur,Susri1210
IndoreNagpur,dimpsdawns
IndoreNagpur,ShannuKaw
IndoreNagpur,IndiaDialogues
IndoreNagpur,meenum2011
IndoreNagpur,DrSaisree
IndoreNagpur,Saraja23
IndoreNagpur,SarafPayal
IndoreNagpur,SudhanshuTrived
IndoreNagpur,OfficeofSSC
IndoreNagpur,Ahambhumika
IndoreNagpur,VijiDeyTweets
IndoreNagpur,rk_kulkarni
IndoreNagpur,AkhileshIFS
IndoreNagpur,HQ_IDS_India
IndoreNagpur,SpokespersonMoD
IndoreNagpur,upma23
IndoreNagpur,CISFHQrs
IndoreNagpur,BSF_India
IndoreNagpur,Gutrgoo
IndoreNagpur,c9p1b8
IndoreNagpur,ChouhanShivraj
IndoreNagpur,SwastiHP
IndoreNagpur,ibhushan
IndoreNagpur,GolPuri
IndoreNagpur,DattaHosabale
IndoreNagpur,vifindia
IndoreNagpur,RSSorg
IndoreNagpur,surnell
IndoreNagpur,ExSecular
IndoreNagpur,LestWeForgetIN
IndoreNagpur,crpfindia
IndoreNagpur,spvaid
IndoreNagpur,TheSignOfFive
IndoreNagpur,A4SHfRSGszR8DLN
IndoreNagpur,Imamofpeace
IndoreNagpur,amitsurg
IndoreNagpur,threadreaderapp
IndoreNagpur,KailashOnline
IndoreNagpur,smna17
IndoreNagpur,namobharathi
IndoreNagpur,Marut_
IndoreNagpur,SMedia4
IndoreNagpur,Tweet_Download
IndoreNagpur,NSDLeGovernance
IndoreNagpur,DefenceMinIndia
IndoreNagpur,amritabhinder
IndoreNagpur,NagpurKaRajini
IndoreNagpur,fbplatform
IndoreNagpur,frictionangel
IndoreNagpur,sangamtalks
IndoreNagpur,raghav355
IndoreNagpur,brakoo
IndoreNagpur,muglikar_
IndoreNagpur,TwitterDev
IndoreNagpur,ANI
IndoreNagpur,MistryMania
IndoreNagpur,nisheethsharan
IndoreNagpur,KapilMishra_IND
IndoreNagpur,knowthenation
IndoreNagpur,mission360plus
IndoreNagpur,the_truepicture
IndoreNagpur,myindmakers
IndoreNagpur,SewaBhartiMP
IndoreNagpur,MSJEGOI
IndoreNagpur,TCGEHLOT
IndoreNagpur,EkalBharat
IndoreNagpur,sewabharati
IndoreNagpur,BJPLive
IndoreNagpur,bobbyfaith
IndoreNagpur,unknowncorner
IndoreNagpur,Gen_VKSingh
IndoreNagpur,ippatel
IndoreNagpur,NAN_DINI_
IndoreNagpur,kaushkrahul
IndoreNagpur,Ranga_anu
IndoreNagpur,S_MahajanLS
IndoreNagpur,gitithadani
IndoreNagpur,AnupamkPandey
IndoreNagpur,Rita_2110
IndoreNagpur,TajinderBagga
IndoreNagpur,ratihegde
IndoreNagpur,PunyaPrakop_
IndoreNagpur,thesecret
IndoreNagpur,webhu_ti
IndoreNagpur,dir_ed
IndoreNagpur,ramana1729
IndoreNagpur,AshDubey_
IndoreNagpur,indfoundation
IndoreNagpur,aliceonaroll
IndoreNagpur,ashwinskumar
IndoreNagpur,IncomeTaxIndia
IndoreNagpur,adgpi
IndoreNagpur,Uppolice
IndoreNagpur,Chhabiy
IndoreNagpur,myogiadityanath
IndoreNagpur,CMOfficeUP
IndoreNagpur,KiranKS
IndoreNagpur,vipulkocher
IndoreNagpur,IndicAcademy
IndoreNagpur,PiyushGoyalOffc
IndoreNagpur,prasannavishy
IndoreNagpur,KanchanGupta
IndoreNagpur,smitabarooah
IndoreNagpur,SureshNakhua
IndoreNagpur,BJP4India
IndoreNagpur,avinash_b01
IndoreNagpur,sharmarohitraj
IndoreNagpur,ShivaKap
IndoreNagpur,sunandavashisht
IndoreNagpur,ask0704
IndoreNagpur,Sootradhar
IndoreNagpur,ChowkidarLaxmi
IndoreNagpur,piyush1062
IndoreNagpur,UnSubtleDesi
IndoreNagpur,Ankitaaa_
IndoreNagpur,Shylsmn
IndoreNagpur,SriSutaa
IndoreNagpur,BhaaratFirst
IndoreNagpur,MukulAgarwal66
IndoreNagpur,alok_bhatt
IndoreNagpur,jemin_p
IndoreNagpur,balamy
IndoreNagpur,rasita
IndoreNagpur,Sai_swaroopa
IndoreNagpur,Amit__G
IndoreNagpur,shikha_shrivas
IndoreNagpur,sheefal
IndoreNagpur,namita_sinha
IndoreNagpur,shwetankbhushan
IndoreNagpur,centerofright
IndoreNagpur,radharaju18
IndoreNagpur,yoginisd
IndoreNagpur,mamtan14
IndoreNagpur,Sinsinwati
IndoreNagpur,nanditathhakur
IndoreNagpur,MrsGandhi
IndoreNagpur,CMMadhyaPradesh
IndoreNagpur,OpIndia_com
IndoreNagpur,SwarajyaMag
IndoreNagpur,MinistryWCD
IndoreNagpur,mygovindia
IndoreNagpur,AmitShah
IndoreNagpur,nitin_gadkari
IndoreNagpur,PiyushGoyal
IndoreNagpur,rajnathsingh
IndoreNagpur,rsprasad
IndoreNagpur,dpradhanbjp
IndoreNagpur,PMOIndia
IndoreNagpur,smritiirani
IndoreNagpur,arunjaitley
IndoreNagpur,narendramodi
sonal_mansingh,Rajalaxmi_Manda
sonal_mansingh,Cyberdost
sonal_mansingh,ignca_delhi
sonal_mansingh,MinOfCultureGoI
sonal_mansingh,NMAppVrtualMeet
sonal_mansingh,ArundhatiDevi5
sonal_mansingh,DDNewslive
sonal_mansingh,RailMinIndia
sonal_mansingh,prahladspatel
sonal_mansingh,WHCongress
sonal_mansingh,govardhanmath
sonal_mansingh,AOC
sonal_mansingh,AndyKitchen3
sonal_mansingh,sydneyrandalll
sonal_mansingh,mjakbar
sonal_mansingh,awasthis
sonal_mansingh,rashtrapatibhvn
sonal_mansingh,CMOfficeUP
sonal_mansingh,bibekdebroy
sonal_mansingh,PavanRanaRSS
sonal_mansingh,Kaaryakarta
sonal_mansingh,RakeshSinha01
sonal_mansingh,SanghParivarOrg
sonal_mansingh,amitmalviya
sonal_mansingh,sudheerb2000
sonal_mansingh,amitabhk87
sonal_mansingh,HasmukhbhiD
sonal_mansingh,NMenonRao
sonal_mansingh,dpradhanbjp
sonal_mansingh,nytimes
sonal_mansingh,IndianDiplomacy
sonal_mansingh,POI13
sonal_mansingh,vineetachugh
sonal_mansingh,newslaundry
sonal_mansingh,KalamCenter
sonal_mansingh,shridevsharma
sonal_mansingh,sambitswaraj
sonal_mansingh,RaghuAiyar
sonal_mansingh,anchalvohra
sonal_mansingh,friendsofbjp
sonal_mansingh,PrathibhaP
sonal_mansingh,bjpsamvad
sonal_mansingh,narendramodi_in
sonal_mansingh,puneetnanda
sonal_mansingh,rashmimalik1
sonal_mansingh,BJP4India
sonal_mansingh,rajnathsingh
sonal_mansingh,HMOIndia
sonal_mansingh,kamalmeattle
sonal_mansingh,PrakashJavdekar
sonal_mansingh,narendramodi
sonal_mansingh,PMOIndia
sonal_mansingh,shekharkapur
sonal_mansingh,SrBachchan
sonal_mansingh,pbmehta
sonal_mansingh,DeShobhaa
sonal_mansingh,DD_Bharati
sonal_mansingh,ChouhanShivraj
sonal_mansingh,sureshpprabhu
sonal_mansingh,SushmaSwaraj
sonal_mansingh,AmitShah
sonal_mansingh,suhasinih
sonal_mansingh,Suhelseth
sonal_mansingh,arunjaitley
sonal_mansingh,DalaiLama
sonal_mansingh,PiyushGoyal
sonal_mansingh,rammadhavbjp
sonal_mansingh,vikramsampath
sonal_mansingh,CNNnews18
sonal_mansingh,d_jaishankar
sonal_mansingh,nsitharaman
sonal_mansingh,Narthakiweb
sonal_mansingh,smritiirani
sonal_mansingh,M_Lekhi
sonal_mansingh,BDUTT
sonal_mansingh,SadhviBhagawati
sonal_mansingh,spicmacay
sonal_mansingh,jawharsircar
sonal_mansingh,ExFiles_AMemoir
IndoreNagpur,kappansky
IndoreNagpur,safiranand
IndoreNagpur,Nitin_Rivaldo
IndoreNagpur,szarabi
IndoreNagpur,svembu
IndoreNagpur,zoho
IndoreNagpur,zohocares
IndoreNagpur,iAnkurSingh
IndoreNagpur,DineshDSouza
IndoreNagpur,AKTKadmin
IndoreNagpur,RSBNetwork
IndoreNagpur,AOC
IndoreNagpur,HerremaAaron
IndoreNagpur,sydneyrandalll
IndoreNagpur,JumbuTweeple
IndoreNagpur,signalapp
IndoreNagpur,RyanAFournier
IndoreNagpur,PeterSweden7
IndoreNagpur,Tejasvi_Surya
IndoreNagpur,IWV
IndoreNagpur,banasinghpvc
IndoreNagpur,kaalicharan_ji
IndoreNagpur,LeFaffa
IndoreNagpur,TheCommuneMag
IndoreNagpur,joshdcaplan
IndoreNagpur,onetiponehand_
IndoreNagpur,KaagazS
IndoreNagpur,RanvirShorey
IndoreNagpur,sewanyaya
IndoreNagpur,TooSatisfied
IndoreNagpur,shashidhotre
IndoreNagpur,maisooru
IndoreNagpur,SenTedCruz
IndoreNagpur,DDNational
IndoreNagpur,AkashvaniAIR
IndoreNagpur,prasarbharati
IndoreNagpur,PIBFactCheck
IndoreNagpur,PBNS_India
IndoreNagpur,pandurangpai40
IndoreNagpur,dtptraffic
IndoreNagpur,BharadwajSpeaks
IndoreNagpur,HumansNoContext
IndoreNagpur,actualjack
IndoreNagpur,IndianOilcl
IndoreNagpur,tedcruz
IndoreNagpur,HistoryInPics
IndoreNagpur,CNNnews18
IndoreNagpur,shireen818
IndoreNagpur,FoxNews
IndoreNagpur,KanwalSibal
IndoreNagpur,esaagar
IndoreNagpur,politico
IndoreNagpur,KyaUkhaadLega
IndoreNagpur,TulsiPress
IndoreNagpur,aks_avn
IndoreNagpur,myntra
IndoreNagpur,GemsOfBollywood
IndoreNagpur,barbarindian
IndoreNagpur,Ajeet_IND_
IndoreNagpur,TwitterSupport
IndoreNagpur,kansaratva
IndoreNagpur,NaviKRStan
IndoreNagpur,techinsider
IndoreNagpur,MeghUpdates
IndoreNagpur,GordonGChang
IndoreNagpur,Manik_M_Jolly
IndoreNagpur,BrigMps
IndoreNagpur,NIA_India
IndoreNagpur,avarakai
IndoreNagpur,PoetryTales
IndoreNagpur,mystiquememoir
IndoreNagpur,ZeeNews
IndoreNagpur,KanganaTeam
IndoreNagpur,Voice_For_India
IndoreNagpur,TheJaggi
IndoreNagpur,iMac_too
IndoreNagpur,littlelizziev
IndoreNagpur,swati_gs
IndoreNagpur,indiainpixels
IndoreNagpur,tushar
IndoreNagpur,Shehzad_Ind
IndoreNagpur,DuckDuckGo
IndoreNagpur,prafullaketkar
IndoreNagpur,Koenraad_Elst
IndoreNagpur,MNageswarRaoIPS
IndoreNagpur,TheSkandar
IndoreNagpur,ShamikaRavi
IndoreNagpur,by2kaafi
IndoreNagpur,republic
IndoreNagpur,johnaustin47
IndoreNagpur,YearOfTheKraken
IndoreNagpur,Times4India
IndoreNagpur,Kal_Chiron
IndoreNagpur,AstroAmigo
IndoreNagpur,CovidTrackingIn
IndoreNagpur,ralpharakal
IndoreNagpur,DataGuyRedux
IndoreNagpur,ChirrupsApp
IndoreNagpur,Time4KnowIedge
IndoreNagpur,deepolice12
IndoreNagpur,AikyaBharatSena
IndoreNagpur,nepometer
IndoreNagpur,DanishSait
IndoreNagpur,FaiHaider
IndoreNagpur,NeetuGarg6
IndoreNagpur,indianwhistlers
IndoreNagpur,TheWolfpackIN
IndoreNagpur,IMD_Earthquake
IndoreNagpur,Chellaney
IndoreNagpur,dubash
IndoreNagpur,SJha1618
IndoreNagpur,Maveric94280289
IndoreNagpur,ShivAroor
IndoreNagpur,ICMRDELHI
IndoreNagpur,Soumyadipta
IndoreNagpur,NellSur
IndoreNagpur,TulsiGabbard
IndoreNagpur,DCP_Noida
IndoreNagpur,CP_Noida
IndoreNagpur,noida_dialogue
IndoreNagpur,112UttarPradesh
IndoreNagpur,RealCandaceO
IndoreNagpur,Wangchuk66
IndoreNagpur,Indiametdept
IndoreNagpur,MIB_India
IndoreNagpur,PIBHindi
IndoreNagpur,jack
IndoreNagpur,MarkDice
IndoreNagpur,FaheemYounus
IndoreNagpur,CovidIndiaSeva
IndoreNagpur,AstraZeneca
IndoreNagpur,CarryMinati
IndoreNagpur,PankajSinghBJP
IndoreNagpur,WorkInSync_MIS
IndoreNagpur,mepratap
IndoreNagpur,DeptGbn
IndoreNagpur,DhirendraGBN
IndoreNagpur,TOINoida
IndoreNagpur,drapr007
IndoreNagpur,flightradar24
IndoreNagpur,sri9011
IndoreNagpur,RealJamesWoods
IndoreNagpur,moayush
IndoreNagpur,Anirudh_Astro
IndoreNagpur,AishwaryaMudgil
IndoreNagpur,Joshirahulmena1
IndoreNagpur,DGP_MP
IndoreNagpur,MPDial100
IndoreNagpur,NorbertElekes
IndoreNagpur,manhasvikas41
IndoreNagpur,ResearchWing
IndoreNagpur,dmgbnagar
IndoreNagpur,swiggy_in
IndoreNagpur,Knowledge9nro
IndoreNagpur,Abdulkadir_up
IndoreNagpur,bhAratenduH
IndoreNagpur,DG_PIB
IndoreNagpur,rajbhagatt
IndoreNagpur,covid19indiaorg
IndoreNagpur,RailMinIndia
IndoreNagpur,adamscrabble
IndoreNagpur,MoHFW_INDIA
IndoreNagpur,amargov
IndoreNagpur,HariManjhi
IndoreNagpur,TheAhmedShariff
IndoreNagpur,jenniferatntd
IndoreNagpur,RMCpost
IndoreNagpur,SanjeevSanskrit
IndoreNagpur,CestMoiz
IndoreNagpur,PoliticalKida
IndoreNagpur,LotusBharat
IndoreNagpur,DGQAIndia
IndoreNagpur,nsitharaman
IndoreNagpur,rajshekharTOI
IndoreNagpur,governorswaraj
IndoreNagpur,DefProdnIndia
IndoreNagpur,Cold_Peace_
IndoreNagpur,shantanug_
IndoreNagpur,live_manthan
IndoreNagpur,PTI_News
IndoreNagpur,utkarsh_aanand
IndoreNagpur,wonderofscience
IndoreNagpur,Sr1vatsanV
IndoreNagpur,bezubaan
IndoreNagpur,DrSJaishankar
IndoreNagpur,gopimaliwal
IndoreNagpur,cctv_idiots
IndoreNagpur,buitengebieden_
IndoreNagpur,moumachee
IndoreNagpur,YTF_Bharat
IndoreNagpur,OrgPhysics
IndoreNagpur,Leopard212
IndoreNagpur,RajatSharmaLive
IndoreNagpur,ramprasad_c
IndoreNagpur,orfevents
IndoreNagpur,Himalaya2Home
IndoreNagpur,NavroopSingh_
IndoreNagpur,Si_lv_er
IndoreNagpur,BhairaviAshar
IndoreNagpur,TheLeaflet_in
IndoreNagpur,freentglty
IndoreNagpur,ThinkersPad
IndoreNagpur,nailainayat
IndoreNagpur,msmatoria
IndoreNagpur,hussain_imtiyaz
IndoreNagpur,MoPNG_eSeva
IndoreNagpur,AtifBjp
IndoreNagpur,MEAIndia
IndoreNagpur,megirish2001
IndoreNagpur,noidatraffic
IndoreNagpur,cccinoida
IndoreNagpur,noidapolice
IndoreNagpur,amitmalviya
IndoreNagpur,NCPCR_
IndoreNagpur,Cyberdost
IndoreNagpur,IntelCrab
IndoreNagpur,NDRFHQ
IndoreNagpur,Swamy39
IndoreNagpur,RT_com
IndoreNagpur,HardeepSPuri
IndoreNagpur,PIB_India
IndoreNagpur,desitechy
IndoreNagpur,ushachoudhry
IndoreNagpur,nayanikaaa
IndoreNagpur,RitaG74
IndoreNagpur,abhijitmajumder
IndoreNagpur,DestinyBlaze2
IndoreNagpur,Amul_Coop
IndoreNagpur,tweetingsourav
IndoreNagpur,BJP4Indore
IndoreNagpur,AyushmanNHA
IndoreNagpur,LiveLawIndia
IndoreNagpur,barandbench
IndoreNagpur,spectatorindex
IndoreNagpur,ncsad72
IndoreNagpur,ABPNews
IndoreNagpur,niku1630
IndoreNagpur,shivkmishr
IndoreNagpur,ChinarcorpsIA
IndoreNagpur,ANINewsUP
IndoreNagpur,IndiaHistorypic
IndoreNagpur,nitingokhale
IndoreNagpur,IAF_MCC
IndoreNagpur,VikasSaraswat
IndoreNagpur,bhootnath
IndoreNagpur,airnewsalerts
IndoreNagpur,SkymetWeather
IndoreNagpur,AgentSaffron
IndoreNagpur,BJP4Karnataka
IndoreNagpur,BJP4MP
IndoreNagpur,anshul_aliganj
IndoreNagpur,Susri1210
IndoreNagpur,dimpsdawns
IndoreNagpur,ShannuKaw
IndoreNagpur,IndiaDialogues
IndoreNagpur,meenum2011
IndoreNagpur,DrSaisree
IndoreNagpur,Saraja23
IndoreNagpur,SarafPayal
IndoreNagpur,SudhanshuTrived
IndoreNagpur,OfficeofSSC
IndoreNagpur,Ahambhumika
IndoreNagpur,VijiDeyTweets
IndoreNagpur,rk_kulkarni
IndoreNagpur,AkhileshIFS
IndoreNagpur,HQ_IDS_India
IndoreNagpur,SpokespersonMoD
IndoreNagpur,upma23
IndoreNagpur,CISFHQrs
IndoreNagpur,BSF_India
IndoreNagpur,Gutrgoo
IndoreNagpur,c9p1b8
IndoreNagpur,ChouhanShivraj
IndoreNagpur,SwastiHP
IndoreNagpur,ibhushan
IndoreNagpur,GolPuri
IndoreNagpur,DattaHosabale
IndoreNagpur,vifindia
IndoreNagpur,RSSorg
IndoreNagpur,surnell
IndoreNagpur,ExSecular
IndoreNagpur,LestWeForgetIN
IndoreNagpur,crpfindia
IndoreNagpur,spvaid
IndoreNagpur,TheSignOfFive
IndoreNagpur,A4SHfRSGszR8DLN
IndoreNagpur,Imamofpeace
IndoreNagpur,amitsurg
IndoreNagpur,threadreaderapp
IndoreNagpur,KailashOnline
IndoreNagpur,smna17
IndoreNagpur,namobharathi
IndoreNagpur,Marut_
IndoreNagpur,SMedia4
IndoreNagpur,Tweet_Download
IndoreNagpur,NSDLeGovernance
IndoreNagpur,DefenceMinIndia
IndoreNagpur,amritabhinder
IndoreNagpur,NagpurKaRajini
IndoreNagpur,fbplatform
IndoreNagpur,frictionangel
IndoreNagpur,sangamtalks
IndoreNagpur,raghav355
IndoreNagpur,brakoo
IndoreNagpur,muglikar_
IndoreNagpur,TwitterDev
IndoreNagpur,ANI
IndoreNagpur,MistryMania
IndoreNagpur,nisheethsharan
IndoreNagpur,KapilMishra_IND
IndoreNagpur,knowthenation
IndoreNagpur,mission360plus
IndoreNagpur,the_truepicture
IndoreNagpur,myindmakers
IndoreNagpur,SewaBhartiMP
IndoreNagpur,MSJEGOI
IndoreNagpur,TCGEHLOT
IndoreNagpur,EkalBharat
IndoreNagpur,sewabharati
IndoreNagpur,BJPLive
IndoreNagpur,bobbyfaith
IndoreNagpur,unknowncorner
IndoreNagpur,Gen_VKSingh
IndoreNagpur,ippatel
IndoreNagpur,NAN_DINI_
IndoreNagpur,kaushkrahul
IndoreNagpur,Ranga_anu
IndoreNagpur,S_MahajanLS
IndoreNagpur,gitithadani
IndoreNagpur,AnupamkPandey
IndoreNagpur,Rita_2110
IndoreNagpur,TajinderBagga
IndoreNagpur,ratihegde
IndoreNagpur,PunyaPrakop_
IndoreNagpur,thesecret
IndoreNagpur,webhu_ti
IndoreNagpur,dir_ed
IndoreNagpur,ramana1729
IndoreNagpur,AshDubey_
IndoreNagpur,indfoundation
IndoreNagpur,aliceonaroll
IndoreNagpur,ashwinskumar
IndoreNagpur,IncomeTaxIndia
IndoreNagpur,adgpi
IndoreNagpur,Uppolice
IndoreNagpur,Chhabiy
IndoreNagpur,myogiadityanath
IndoreNagpur,CMOfficeUP
IndoreNagpur,KiranKS
IndoreNagpur,vipulkocher
IndoreNagpur,IndicAcademy
IndoreNagpur,PiyushGoyalOffc
IndoreNagpur,prasannavishy
IndoreNagpur,KanchanGupta
IndoreNagpur,smitabarooah
IndoreNagpur,SureshNakhua
IndoreNagpur,BJP4India
IndoreNagpur,avinash_b01
IndoreNagpur,sharmarohitraj
IndoreNagpur,ShivaKap
IndoreNagpur,sunandavashisht
IndoreNagpur,ask0704
IndoreNagpur,Sootradhar
IndoreNagpur,ChowkidarLaxmi
IndoreNagpur,piyush1062
IndoreNagpur,UnSubtleDesi
IndoreNagpur,Ankitaaa_
IndoreNagpur,Shylsmn
IndoreNagpur,SriSutaa
IndoreNagpur,BhaaratFirst
IndoreNagpur,MukulAgarwal66
IndoreNagpur,alok_bhatt
IndoreNagpur,jemin_p
IndoreNagpur,balamy
IndoreNagpur,rasita
IndoreNagpur,Sai_swaroopa
IndoreNagpur,Amit__G
IndoreNagpur,shikha_shrivas
IndoreNagpur,sheefal
IndoreNagpur,namita_sinha
IndoreNagpur,shwetankbhushan
IndoreNagpur,centerofright
IndoreNagpur,radharaju18
IndoreNagpur,yoginisd
IndoreNagpur,mamtan14
IndoreNagpur,Sinsinwati
IndoreNagpur,nanditathhakur
IndoreNagpur,MrsGandhi
IndoreNagpur,CMMadhyaPradesh
IndoreNagpur,OpIndia_com
IndoreNagpur,SwarajyaMag
IndoreNagpur,MinistryWCD
IndoreNagpur,mygovindia
IndoreNagpur,AmitShah
IndoreNagpur,nitin_gadkari
IndoreNagpur,PiyushGoyal
IndoreNagpur,rajnathsingh
IndoreNagpur,rsprasad
IndoreNagpur,dpradhanbjp
IndoreNagpur,PMOIndia
IndoreNagpur,smritiirani
IndoreNagpur,arunjaitley
IndoreNagpur,narendramodi
CharuPragya,shankudebbjp
CharuPragya,IasRajkamal
CharuPragya,nayanas63
CharuPragya,calm
CharuPragya,EOJinIndia
CharuPragya,vikasopikaso
CharuPragya,NungshiTashi
CharuPragya,PCMohanMP
CharuPragya,shahfaesal
CharuPragya,knowthenation
CharuPragya,ankidurg
CharuPragya,HerremaAaron
CharuPragya,sydneyrandalll
CharuPragya,AOC
CharuPragya,joshuabmarks
CharuPragya,prakharbhartiya
CharuPragya,DeepakNaganpure
CharuPragya,TikooSahil_
CharuPragya,jagora
CharuPragya,Adityak_IPS
CharuPragya,asadowaisi
CharuPragya,karunajohn
CharuPragya,purnesh_suthar
CharuPragya,rameshpandeyifs
CharuPragya,MPNeerajShekhar
CharuPragya,dr_sachar
CharuPragya,amarprasadreddy
CharuPragya,deepadoc
CharuPragya,sunkoti
CharuPragya,IamArhanBagati
CharuPragya,OL_BM
CharuPragya,Nimki911
CharuPragya,TheSanatanOrg
CharuPragya,Teamkunal4BJP
CharuPragya,DhananjayChau15
CharuPragya,bigger
CharuPragya,RamiTeplitskiy
CharuPragya,KiriAtri
CharuPragya,VanathiBJP
CharuPragya,seriousfunnyguy
CharuPragya,DhandaLawyer
CharuPragya,Asifbhamlaa
CharuPragya,BMGFIndia
CharuPragya,UTDBofficial
CharuPragya,imranrezaansari
CharuPragya,sophierossuk
CharuPragya,KabiniNarayana
CharuPragya,merohittsaxena
CharuPragya,MrcuteAnish
CharuPragya,unkonfined
CharuPragya,ArunSinghbjp
CharuPragya,AshwiniUpadhyay
CharuPragya,DINESH_ABUSARIA
CharuPragya,WeDontHaveTime
CharuPragya,Gajjusay
CharuPragya,swaraj1983
CharuPragya,khaanachahiye
CharuPragya,ARanganathan72
CharuPragya,preetisinghrstv
CharuPragya,iaspankajpandey
CharuPragya,NoidaIntLitFest
CharuPragya,VConnectUSA
CharuPragya,AnjaliBirla4
CharuPragya,afiindia
CharuPragya,Panda_Shihtzu
CharuPragya,SayftyCom
CharuPragya,AditiAnarayanan
CharuPragya,neeraj_IES
CharuPragya,PoulomiMSaha
CharuPragya,IamPurn
CharuPragya,NRAI_India
CharuPragya,ShivenduDutt
CharuPragya,CTRavi_BJP
CharuPragya,dushyanttgautam
CharuPragya,RonyYedidia
CharuPragya,Dr_raheessingh
CharuPragya,unwomenindia
CharuPragya,KiranKChapagain
CharuPragya,rajeev_mp
CharuPragya,tanvishukla
CharuPragya,RobertoValentUN
CharuPragya,GAGAN_BABBAR3
CharuPragya,drrajdeeproy
CharuPragya,ind_Cyborg
CharuPragya,psychowritess
CharuPragya,Kailashkher
CharuPragya,SVTMumbai
CharuPragya,blsanthosh
CharuPragya,AdityaDubey2003
CharuPragya,bhumipednekar
CharuPragya,DarshanNPopat
CharuPragya,surabhitiwari_
CharuPragya,UNDP_India
CharuPragya,gopalkagarwal
CharuPragya,udayfoundation
CharuPragya,Activate1M1B
CharuPragya,SDG2030
CharuPragya,womenite
CharuPragya,InMenstruation
CharuPragya,UN_Women
CharuPragya,hansrajhansHRH
CharuPragya,ImLaxmiNarayan
CharuPragya,kalzoniez
CharuPragya,Durgeshsinghbjp
CharuPragya,ivikrantpatil
CharuPragya,sonalijaitley
CharuPragya,sharmarekha
CharuPragya,VVMthinktank
CharuPragya,AnkitBagdi8
CharuPragya,ShefVaidya
CharuPragya,THEBSEN
CharuPragya,MNageswarRaoIPS
CharuPragya,kapoors_s
CharuPragya,AdityaTrivedi_
CharuPragya,soacindia
CharuPragya,shekhar19541
CharuPragya,PK_IRS
CharuPragya,nehaparam
CharuPragya,narendramodi_in
CharuPragya,malhar_pandey
CharuPragya,sunita_krishnan
CharuPragya,NCPCR_
CharuPragya,iidlpgp
CharuPragya,RavindraSathe1
CharuPragya,KSDuggalBJP
CharuPragya,KanoongoPriyank
CharuPragya,MasalaBai
CharuPragya,Pujya5
CharuPragya,DEVenDrapai
CharuPragya,RaviPokharna
CharuPragya,Sidbakaria
CharuPragya,KentPage
CharuPragya,MuhamedHeib
CharuPragya,theanjaliyadavv
CharuPragya,go4ashi
CharuPragya,Gracieverma10
CharuPragya,RNRenewal
CharuPragya,rahul_bjp04
CharuPragya,MSinghBJP
CharuPragya,faqirchandbooks
CharuPragya,dpradhanbjp
CharuPragya,ipsvijrk
CharuPragya,isd2047
CharuPragya,tarauk
CharuPragya,hemakshimeghani
CharuPragya,Wangchuk66
CharuPragya,iAnkurSingh
CharuPragya,VijayVst0502
CharuPragya,deepakrao
CharuPragya,DCPNewDelhi
CharuPragya,SmritiIraniOffc
CharuPragya,iPurohitHarshal
CharuPragya,anshunandanpra4
CharuPragya,BachpanSeBhakt
CharuPragya,KhampariaNikita
CharuPragya,Radhika_Khera
CharuPragya,taleofhumankind
CharuPragya,YoSwaroop
CharuPragya,RishiMishra_
CharuPragya,AviralMishraBJP
CharuPragya,narendramodi177
CharuPragya,KhanSaumitra
CharuPragya,kusshssinha
CharuPragya,parijatpragya
CharuPragya,adeshguptabjp
CharuPragya,heenasodhikhera
CharuPragya,drmonika_langeh
CharuPragya,PujyaSwamiji
CharuPragya,BhavikaGhoghari
CharuPragya,shubhayadavv
CharuPragya,Shivohamshivfit
CharuPragya,SonuSood
CharuPragya,MAnivarya
CharuPragya,SharmaAkarshika
CharuPragya,Dishasatra
CharuPragya,p_sahibsingh
CharuPragya,Mrsiddhartomar
CharuPragya,renu_bjp
CharuPragya,DivyaWrestler
CharuPragya,byadavbjp
CharuPragya,CRPaatil
CharuPragya,realmanubhaker
CharuPragya,SHIPRAKUNDU_
CharuPragya,satyakumar_y
CharuPragya,BabitaPhogat
CharuPragya,athletics_p
CharuPragya,bhav2406
CharuPragya,mpopat
CharuPragya,dhaval241086
CharuPragya,muglikar_
CharuPragya,saanyasachdev
CharuPragya,anjaliranaji
CharuPragya,LaluPrasadBJP
CharuPragya,jayantsinha
CharuPragya,abhishek_70007
CharuPragya,GoelDeeksha
CharuPragya,Sandeepmudgil2
CharuPragya,DCPCentralDelhi
CharuPragya,g_rajaraman
CharuPragya,AbhayKalraBJP
CharuPragya,Amandeepsingbjp
CharuPragya,NamanJainBJP
CharuPragya,BagpatDm
CharuPragya,Gen_VKSingh
CharuPragya,drsanjeevbalyan
CharuPragya,ShyamSJaju
CharuPragya,tarunchughbjp
CharuPragya,ipskabra
CharuPragya,balajiincense
CharuPragya,PoddarVaishali
CharuPragya,PandaJay
CharuPragya,khattershobhit
CharuPragya,AkshayMadanBJP
CharuPragya,AmbikaHira
CharuPragya,PhysicsAndAstr1
CharuPragya,abhiranjanjnu
CharuPragya,OjasvyChandhok
CharuPragya,kapoor_pratima
CharuPragya,rohanduaTOI
CharuPragya,authoramish
CharuPragya,MrPandeySpeaks
CharuPragya,BhishamSinghIPS
CharuPragya,krishnapophale
CharuPragya,UdayMahurkar
CharuPragya,GovindaVijayan
CharuPragya,_NaveenPaul
CharuPragya,navinjaiswal4
CharuPragya,ManMundra
CharuPragya,Aishwarya_A_K
CharuPragya,JoshiPralhad
CharuPragya,sagarcasm
CharuPragya,ladywithflaws
CharuPragya,ippatel
CharuPragya,SagarSinghTom16
CharuPragya,vijeta_at
CharuPragya,News18Graphics
CharuPragya,jnuboy
CharuPragya,mpajaypratap
CharuPragya,ChinaInFocusNTD
CharuPragya,PositivePro2020
CharuPragya,YanthungoPatton
CharuPragya,friendsofrss
CharuPragya,dhanda_v
