narendramodi,BrahmasmiAham
narendramodi,biplab2asak6886
narendramodi,gosaliya_ashik
narendramodi,LostTemple7
narendramodi,vk80
narendramodi,PoddarVaishali
narendramodi,joglekarsaurabh
narendramodi,ChamanVarshney1
narendramodi,Pallavisms
narendramodi,PrasadKarwa
narendramodi,sarkaramartya
narendramodi,VarierSangitha
narendramodi,uppuSSinghh
narendramodi,balbir59
narendramodi,BorisJohnson
narendramodi,drmmjoshibjp
narendramodi,sugawitter
narendramodi,SandeepParekh
narendramodi,jairbolsonaro
narendramodi,ChaitraSAL
narendramodi,Kuldeep78328755
narendramodi,Temple_Phantom
narendramodi,thakkar_sameet
narendramodi,loksabhaspeaker
narendramodi,fskulaste
narendramodi,Dchautala
narendramodi,kataria4ambala
narendramodi,nityanandraibjp
narendramodi,Phogat_Vinesh
narendramodi,poojadhanda0007
narendramodi,imranirampal
narendramodi,IamBhavaniDevi
narendramodi,DipaKarmakar
narendramodi,SakshiMalik
narendramodi,amit_jurno
narendramodi,nadeemNBT
narendramodi,AmodRaiLive
narendramodi,NayantaraRai
narendramodi,pranabsamanta
narendramodi,iBackModi
narendramodi,shreyashsingh07
narendramodi,p_pavanraj
narendramodi,raiprakashji
narendramodi,Aish17aer
narendramodi,vin8737
narendramodi,pundreekmishra
narendramodi,im_S_pandey
narendramodi,YashvikramTrip
narendramodi,iamberagarwal
narendramodi,SanthaVb
narendramodi,kaulsanjay
narendramodi,Arvindgmt
narendramodi,adikulk
narendramodi,Reetesh777
narendramodi,ibijendrasharma
narendramodi,amitabhnews18
narendramodi,WordsSlay
narendramodi,drashwathcn
narendramodi,krishna_pravin
narendramodi,issharma_in
narendramodi,RishabhMtweets
narendramodi,deepscribble
narendramodi,nidhitripathi92
narendramodi,arvindneela
narendramodi,sumati_mehrishi
narendramodi,kapskom
narendramodi,utkarsh_aanand
narendramodi,gunjakapoor
narendramodi,nkgrock
narendramodi,IamNaveenKapoor
narendramodi,neelkanthmishra
narendramodi,manishBJPUP
narendramodi,poojakapil4
narendramodi,shalabhmani
narendramodi,abhilashBJPmp
narendramodi,TheSatishDua
narendramodi,raghavohri0
narendramodi,PrinceArihan
narendramodi,JournoPranay
narendramodi,KiniColonel
narendramodi,ajitbhinder
narendramodi,imAditiofficial
narendramodi,DrGeetaBhatt
narendramodi,PriyankaChhawri
narendramodi,GauriSheoran
narendramodi,TahiraAzmet
narendramodi,HemlataTanwar6
narendramodi,shikhadeepsri
narendramodi,Meenaparmar1977
narendramodi,pn906
narendramodi,ARCHANA2371226
narendramodi,priyanka4nation
narendramodi,RanvirShorey
narendramodi,rai_kaushlesh
narendramodi,BhatkhalkarA
narendramodi,AshokGoelBJP
narendramodi,Th_Radheshyam
narendramodi,tarunchughbjp
narendramodi,rajeshbhatiabjp
narendramodi,hansrajhansHRH
narendramodi,siddharthanbjp
narendramodi,HardeepSPuri
narendramodi,MODIfied_ankit
narendramodi,aditiraval
narendramodi,MauritiusPM
narendramodi,AshishSinghNews
narendramodi,ravindrak2000
narendramodi,yoursdharm
narendramodi,bhanujalan
narendramodi,PravinAlai
narendramodi,ChownaMeinBJP
narendramodi,bjp4mumbai
narendramodi,singer_shaan
narendramodi,karanjohar
narendramodi,GulPanag
narendramodi,vikasbha
narendramodi,meetuttam
narendramodi,AdnanSamiLive
narendramodi,ektarkapoor
narendramodi,swatantrabjp
narendramodi,hanumanbeniwal
narendramodi,Narayanan3
narendramodi,Iam_Chintamani
narendramodi,ashish_dw93
narendramodi,astiksinha
narendramodi,girirajpai
narendramodi,ChitraKWagh
narendramodi,apmbjp
narendramodi,megirish2001
narendramodi,indianchan
narendramodi,BajpaiUsha
narendramodi,keyakahe
narendramodi,GSukhpreet
narendramodi,NirmalBairagi9
narendramodi,bagchinirmalya
narendramodi,ParthaHariharan
narendramodi,SukumarBjp26
narendramodi,rajaryank
narendramodi,manogyaloiwal
narendramodi,manakgupta
narendramodi,dave_janak
narendramodi,nirahua1
narendramodi,bhupendrachaube
narendramodi,ravishkt
narendramodi,BearGrylls
narendramodi,SecPompeo
narendramodi,shaziailmi
narendramodi,rahulsinghx
narendramodi,AmanKayamHai_ET
narendramodi,atahasnain53
narendramodi,ShivAroor
narendramodi,chintanvedant
narendramodi,yadavikass
narendramodi,g_ruchika
narendramodi,ItsShubhangi
narendramodi,ashwinityagibjp
narendramodi,MSinghBJP
narendramodi,Aabhas24
narendramodi,iAkshitDahiya
narendramodi,vagishasoni
narendramodi,ShivangiSpeaks
narendramodi,HashTagCricket
narendramodi,KaulNegi
narendramodi,sukh_slatch
narendramodi,iammanishpandey
narendramodi,adv_chandnishah
narendramodi,sanagajapati
narendramodi,binugazi
narendramodi,prakharkgupta
narendramodi,PrachiBJP
narendramodi,prernabhardwaj_
narendramodi,yamini_jyoti
narendramodi,SanjeevSanskrit
narendramodi,VikasSaraswat
narendramodi,manu_arorra
narendramodi,HariomSahoo1
narendramodi,MODIfied_SKP
narendramodi,Shiva_Ashtagii
narendramodi,KuldeepB_IND
narendramodi,SeemantiniBose
narendramodi,Dishasatra
narendramodi,anavrta
narendramodi,MrSinha_
narendramodi,khaleejtimes
narendramodi,payalmehta100
narendramodi,abhiramgpatil
narendramodi,Geethak_MP
narendramodi,sanjeevsanyal
narendramodi,snsachinnandu
narendramodi,mitraphoenix
narendramodi,RightistSingh
narendramodi,erbmjha
narendramodi,TiwariNivedita
narendramodi,NagarSugandha
narendramodi,Sushant_Kaushal
narendramodi,khimanisagar
narendramodi,itootweet
narendramodi,mukulkanitkar
narendramodi,Lala_The_Don
narendramodi,Hindu_Thinker
narendramodi,SandeepRavi10
narendramodi,dharmadispatch
narendramodi,Amitava_BJP
narendramodi,sapthagirigowda
narendramodi,RatanSharda55
narendramodi,DhillonSanya
narendramodi,vijayhavin
narendramodi,Ratnaprabha_IAS
narendramodi,SomParkashBJP
narendramodi,DebasreeBJP
narendramodi,pcsarangi
narendramodi,SureshAngadi_
narendramodi,PBNS_India
narendramodi,rjraunac
narendramodi,RAJAGOPALAN1951
narendramodi,pvaidyaraj
narendramodi,nirbhaavuka
narendramodi,Nitin_Rivaldo
narendramodi,gurichopra
narendramodi,debjani_ghosh_
narendramodi,SubramanianKri
narendramodi,rohanduaTOI
narendramodi,DrPramodPSawant
narendramodi,Inaoba
narendramodi,sachin_ruparel
narendramodi,RathanRameshRR1
narendramodi,kashyap9991
narendramodi,akhileshsharma1
narendramodi,MahimaShastri
narendramodi,AjendraAjay
narendramodi,GuptaJiUPWale
narendramodi,MajorPoonia
narendramodi,sevakaroon
narendramodi,narendrasharrma
narendramodi,iPrabhakarSP
narendramodi,AdityaRajKaul
narendramodi,PrajwalBusta
narendramodi,hvjajoo
narendramodi,SantoshRanjan_
narendramodi,gauravbh
narendramodi,JalShaktiAbhyan
narendramodi,AGSawant
narendramodi,DrSJaishankar
narendramodi,chitraSD
narendramodi,sanjaypaswanbjp
narendramodi,TVMohandasPai
narendramodi,drsanjaymayukh
narendramodi,iShivaJangid
narendramodi,JoeAgneya
narendramodi,brakoo
narendramodi,AtifBjp
narendramodi,Rajput_Ramesh
narendramodi,ianuragsaxena
narendramodi,Atheist_Krishna
narendramodi,drmonika_langeh
narendramodi,Reeema_kaur
narendramodi,PandaAvilash
narendramodi,basusayan
narendramodi,Priyankabjym
narendramodi,yugal_dhoot
narendramodi,Rajbirrohilla
narendramodi,ajitdatta
narendramodi,karanbhasin95
narendramodi,saket71
narendramodi,ArjunSKadian
narendramodi,mvpeoplesmajlis
narendramodi,FaisalNasym
narendramodi,ActorMadhavan
narendramodi,shekharkapur
narendramodi,iKabirBedi
narendramodi,IAF_MCC
narendramodi,SadhguruJV
narendramodi,paramiyer_
narendramodi,PremDasRai
narendramodi,viditchess
narendramodi,chintskap
narendramodi,dharmvir09
narendramodi,iamMahendra_y
narendramodi,engineerakg
narendramodi,mohitdhawan_mr
narendramodi,dhruvwadhwa
narendramodi,RahulKothariBJP
narendramodi,drmonikapant
narendramodi,suneelyadkikar
narendramodi,BJPSCMorcha
narendramodi,namomerchandise
narendramodi,AmitShelarBJP
narendramodi,pratiba_sk
narendramodi,saurabh_nand
narendramodi,KashyapVk
narendramodi,madhurbhaiya
narendramodi,athavale_abhi
narendramodi,HimanshuMessage
narendramodi,MukeshPathakji
narendramodi,iKapoorSid
narendramodi,iashutosh23
narendramodi,sharmaAvl
narendramodi,nkthatai
narendramodi,HarshilBhuria
narendramodi,Krishna_kgiri
narendramodi,HarishChandraSr
narendramodi,BjymGmail
narendramodi,impreetsbakshi
narendramodi,IGorishThakur
narendramodi,iarunmani
narendramodi,Bhagva_Dhvaj
narendramodi,AshishMerkhed
narendramodi,vinirish
narendramodi,Hariindic
narendramodi,BrahmaKumaris
narendramodi,president_uz
narendramodi,JosephMuscat_JM
narendramodi,HumansOfBombay
narendramodi,Neeraj_chopra1
narendramodi,mirabai_chanu
narendramodi,DivyaWrestler
narendramodi,muhammedanasyah
narendramodi,RuthvikaS
narendramodi,imsathisholy
narendramodi,raushanpathak86
narendramodi,GautamGambhir
narendramodi,akhileshsonibjp
narendramodi,adolitics
narendramodi,shailendraBJPmp
narendramodi,Pawan4Youth
narendramodi,rpssisodiya
narendramodi,srikidambi
narendramodi,klnbjp
narendramodi,satyakumar_y
narendramodi,nareshtanwar_
narendramodi,RaviSinghTiloi
narendramodi,ankurkush
narendramodi,chengalath
narendramodi,punrai
narendramodi,Anoop_PY
narendramodi,Rezang_La
narendramodi,abhishekifmr
narendramodi,anityakr
narendramodi,im_VMaheshwari
narendramodi,sri9011
narendramodi,Brahamvakya
narendramodi,DesiToCore
narendramodi,shivamudgil
narendramodi,AankhiGM
narendramodi,scukke23
narendramodi,reshu1720
narendramodi,SharmaShradha
narendramodi,Ramesh_BJP
narendramodi,vijayadar
narendramodi,NAN_DINI_
narendramodi,RohiniShah73
narendramodi,vanitajain21
narendramodi,VandanaJayrajan
narendramodi,krithikasivasw
narendramodi,AgentSaffron
narendramodi,maisooru
narendramodi,Gopalee67
narendramodi,vvaayu
narendramodi,teasri
narendramodi,ramprasad_c
narendramodi,rahuldewan
narendramodi,PeeliHaldi
narendramodi,mariawirth1
narendramodi,shilpamdas
narendramodi,Telugutalli
narendramodi,attomeybharti
narendramodi,AbhishBanerj
narendramodi,PMBhutan
narendramodi,FIH_Hockey
narendramodi,sebastianpinera
narendramodi,g20org
narendramodi,BJP4Mizoram
narendramodi,ibusolih
narendramodi,ScottMorrisonMP
narendramodi,WorldBank
narendramodi,AndrewScheer
narendramodi,mssirsa
narendramodi,samirsaran
narendramodi,BJPMahilaMorcha
narendramodi,DrRamShankarMP
narendramodi,Wriddhipops
narendramodi,drmanojrajoria
narendramodi,hiteshshankar
narendramodi,prafullaketkar
narendramodi,awasthis
narendramodi,AMISHDEVGAN
narendramodi,republic
narendramodi,Neiphiu_Rio
narendramodi,SbhagatBJP
narendramodi,VMBJP
narendramodi,AjayTamtaBJP
narendramodi,MukulR_Official
narendramodi,AvdheshanandG
narendramodi,iChiragPaswan
narendramodi,YuvrajSambhaji
narendramodi,vivekagnihotri
narendramodi,spmrfoundation
narendramodi,TheAtulMishra
narendramodi,Kapilagr26
narendramodi,AyushNNA
narendramodi,mymeenakshi
narendramodi,IGuruPrakash
narendramodi,BidariSreenivas
narendramodi,ImDrARB
narendramodi,GNakhua
narendramodi,SureAish
narendramodi,Shanktan
narendramodi,jyotikatharia
narendramodi,porinju
narendramodi,iMac_too
narendramodi,ReshmiDG
narendramodi,pujatiwariBJP
narendramodi,snikhil_social
narendramodi,vikashroy
narendramodi,theskindoctor13
narendramodi,NileshShah68
narendramodi,prasanta_verma
narendramodi,SonuNigamSingh
narendramodi,BeingAmitBajpai
narendramodi,modivanibharat
narendramodi,NishantAvasthi1
narendramodi,harshmadhusudan
narendramodi,karanacharya7
narendramodi,DPM_Vipul
narendramodi,anuraag_saxena
narendramodi,shivkmishr
narendramodi,ShravanJhaji
narendramodi,actormanojjoshi
narendramodi,AroraPrteek
narendramodi,HindustaniTweet
narendramodi,Jangid
narendramodi,mukeshrajBJP
narendramodi,kuljeetschahal
narendramodi,syedzafarBJP
narendramodi,Mohanlal
narendramodi,Swapna_Barman96
narendramodi,Pvsindhu1
narendramodi,P9Ashwini
narendramodi,joshnachinappa
narendramodi,ankita_champ
narendramodi,Kavita_M57
narendramodi,parvathimenon
narendramodi,junoesque
narendramodi,KalpanaSubrama5
narendramodi,ambik4ever
narendramodi,KarmanThandi
narendramodi,ReshmaMChougule
narendramodi,purirenuka
narendramodi,rajpurvii
narendramodi,DipikaPallikal
narendramodi,HeenaSidhu10
narendramodi,shalini_mishtie
narendramodi,YoSwaroop
narendramodi,me_locket
narendramodi,MalavikaBJP
narendramodi,sukanyaiyer2
narendramodi,ChitnisArchana
narendramodi,MirzaSania
narendramodi,chitraaum
narendramodi,ankitasood13
narendramodi,Shreya235
narendramodi,mishra_kasturi
narendramodi,Sujata_Padhy
narendramodi,PTUshaOfficial
narendramodi,nehapant19
narendramodi,kmmalleswari
narendramodi,shaliniscribe
narendramodi,Gayatri83
narendramodi,mileeashwarya
narendramodi,priyasethibjp
narendramodi,romanaisarkhan
narendramodi,DrPashyantiS
narendramodi,kkalpu
narendramodi,SwetaSinghAT
narendramodi,koenamitra
narendramodi,rashmiverma
narendramodi,DeeptiSachdeva_
narendramodi,VimalSana9
narendramodi,PadmajaJoshi
narendramodi,Tavysingh
narendramodi,parikhhima
narendramodi,falgunivasavada
narendramodi,RubikaLiyaquat
narendramodi,AnubhaShukla7
narendramodi,LostByWaves
narendramodi,sheela2010
narendramodi,Hena19
narendramodi,missartola
narendramodi,MeghaSPrasad
narendramodi,DrSRaghavachari
narendramodi,himdaughter
narendramodi,Priya_PRS
narendramodi,asiangames2018
narendramodi,WHO
narendramodi,CyrilRamaphosa
narendramodi,PaulKagame
narendramodi,HimaDas8
narendramodi,TheBlueHouseKR
narendramodi,TheBlueHouseENG
narendramodi,moonriver365
narendramodi,manikabatra_TT
narendramodi,hd_kumaraswamy
narendramodi,IISS_org
narendramodi,chedetofficial
narendramodi,jokowi
narendramodi,apurvichandela
narendramodi,larsloekke
narendramodi,FinGovernment
narendramodi,katrinjak
narendramodi,GC2018
narendramodi,examwarriors
narendramodi,wto
narendramodi,S_MahajanLS
narendramodi,BjpBiplab
narendramodi,sonal_mansingh
narendramodi,IndoreNagpur
narendramodi,CharuPragya
narendramodi,Sharanyashettyy
narendramodi,divya_16_
narendramodi,JagratiGupta3
narendramodi,VijayaRahatkar
narendramodi,archu243
narendramodi,VaniKola
narendramodi,TrulyMonica
narendramodi,K_Oswal
narendramodi,SarafPayal
narendramodi,onlinecolloquy
narendramodi,bhartijainTOI
narendramodi,Mini2411Singh
narendramodi,AnanyaAvasthi
narendramodi,swati_gs
narendramodi,anuradhagoyal
narendramodi,ShilpaaGanesh
narendramodi,meenabg
narendramodi,anaghapp
narendramodi,radharaju18
narendramodi,Varada_M
narendramodi,kajal_jaihind
narendramodi,imDPRK
narendramodi,The_NehaJoshi
narendramodi,raut_punam
narendramodi,DikshaaVerma
narendramodi,vasudha777
narendramodi,SangmaConrad
narendramodi,KingAbdullahII
narendramodi,nsitharamanoffc
narendramodi,MehboobaMufti
narendramodi,SadhviNiranjan
narendramodi,kheloindia
narendramodi,KrishnaRajMOS
narendramodi,RajKSinghIndia
narendramodi,OfficeOfRKSingh
narendramodi,IndiaCoastGuard
narendramodi,bjpkm4kisan
narendramodi,NCWIndia
narendramodi,aneeta369
narendramodi,Jaggesh2
narendramodi,shreerangkul
narendramodi,arvind_barmer
narendramodi,Hamara_Desh
narendramodi,ARDMEHRA1966
narendramodi,Prakash12Joshi
narendramodi,dalipdutta
narendramodi,sprajapat481
narendramodi,Suyashm357
narendramodi,anusha_47
narendramodi,dhaval8456
narendramodi,iTrustNaMo_
narendramodi,Shivam_h9
narendramodi,Ateendriyo
narendramodi,arvindsoni_
narendramodi,basant_nayar
narendramodi,savitha_rao
narendramodi,sauravsaha41
narendramodi,markmcmorris
narendramodi,HassanRouhani
narendramodi,WorldGovSummit
narendramodi,saagar_anand
narendramodi,IndiaJazzy
narendramodi,arvindpalla
narendramodi,DevarajNadiger
narendramodi,vishaltg
narendramodi,AdvantageAssam
narendramodi,SwedishPM
narendramodi,alain_berset
narendramodi,wef
narendramodi,RenukaJain6
narendramodi,MoJSDoWRRDGR
narendramodi,jairamthakurbjp
narendramodi,RishiUvaach
narendramodi,GautamTanwar_
narendramodi,NagpurKaRajini
narendramodi,aparanjape
narendramodi,iAnkurSingh
narendramodi,sreemoytalukdar
narendramodi,RichardRossow
narendramodi,HKupdate
narendramodi,alleaanchal
narendramodi,seriousfunnyguy
narendramodi,jacindaardern
narendramodi,ASEAN
narendramodi,ManojHindustni
narendramodi,Skraivns
narendramodi,ClarenceHouse
narendramodi,alokg2k
narendramodi,EODB_India
narendramodi,KGeorgieva
narendramodi,DhumalHP
narendramodi,vinayak_jain
narendramodi,DefenceMinIndia
narendramodi,MIB_Hindi
narendramodi,JMehta65
narendramodi,MrRao_RB
narendramodi,iParthkacha
narendramodi,drchintamani
narendramodi,MuljiThakkar
narendramodi,DrabdullahCE
narendramodi,GES2017
narendramodi,PhogatRitu
narendramodi,BrettLee_58
narendramodi,ishaan_ANI
narendramodi,MihirkJha
narendramodi,TheBalrajPassi
narendramodi,amanrai892
narendramodi,ManishKBJP
narendramodi,nutan_jyot
narendramodi,Saliltoday
narendramodi,harshkkapoor
narendramodi,simbamara
narendramodi,upma62
narendramodi,anjanaomkashyap
narendramodi,sardanarohit
narendramodi,DrRamOfficial
narendramodi,maliniawasthi
narendramodi,SaurabhSingh
narendramodi,RomeshNadir
narendramodi,SJayaBharti
narendramodi,ShefVaidya
narendramodi,c_aashish
narendramodi,majorgauravarya
narendramodi,MakrandParanspe
narendramodi,ramana1729
narendramodi,VishweshwarBhat
narendramodi,BinduDalmia
narendramodi,ChowkidarLaxmi
narendramodi,ask0704
narendramodi,anil_baluni
narendramodi,astitvam
narendramodi,kshetragnya
narendramodi,AjiHaaan
narendramodi,freentglty
narendramodi,vikramsampath
narendramodi,amitsurg
narendramodi,ganeshmpandey
narendramodi,Deepakthakur_1
narendramodi,HarshalMantri
narendramodi,AfrozShah1
narendramodi,PranjalC23
narendramodi,danielocarmon
narendramodi,VPSecretariat
narendramodi,IndiaSpeaksPR
narendramodi,greatbong
narendramodi,shaktisinha
narendramodi,vkvk77
narendramodi,ashishchauhan
narendramodi,RajivKumar1
narendramodi,Infra_VinayakCh
narendramodi,VamseeJuluri
narendramodi,DrMilindKamble
narendramodi,RShivshankar
narendramodi,navikakumar
narendramodi,MajDPSingh
narendramodi,FrustIndian
narendramodi,authoramish
narendramodi,vkendra
narendramodi,visrane
narendramodi,CitiznMukherjee
narendramodi,M_Raj03
narendramodi,mandhana_smriti
narendramodi,ImHarmanpreet
narendramodi,vedakmurthy08
narendramodi,ImSushVerma
narendramodi,RomaSahni
narendramodi,rashtrapatibhvn
narendramodi,erna_solberg
narendramodi,PaoloGentiloni
narendramodi,netanyahu
narendramodi,DurgaMenon
narendramodi,DileepJaisalmer
narendramodi,Avantika_23
narendramodi,priyaakulkarni2
narendramodi,MODIfiedMayank
narendramodi,achandwar
narendramodi,MihirMisra_
narendramodi,rakeshrjnair
narendramodi,harshgupta1961
narendramodi,isagarsinghbjp
narendramodi,MahiHerambha
narendramodi,Rajsharma4CG
narendramodi,SHAHSUDH
narendramodi,sajithpremadasa
narendramodi,winningalways
narendramodi,BJP_RSS
narendramodi,01Karn
narendramodi,Seems3r
narendramodi,neelang_dave
narendramodi,harish_purohit
narendramodi,I_YogiVerma
narendramodi,EmmanuelMacron
narendramodi,desh_bhkt
narendramodi,ThackerNikhil
narendramodi,DPrasanthNair
narendramodi,Anmologist
narendramodi,ShamikaRavi
narendramodi,iSengarAjayy
narendramodi,RishiMishra_
narendramodi,Indianit07
narendramodi,DrSinghAnuj
narendramodi,murli_dhar
narendramodi,ankurjain200607
narendramodi,dhruvbhim
narendramodi,AmitSharma20482
narendramodi,trpresidency
narendramodi,RTErdogan
narendramodi,iamnagarjuna
narendramodi,praveen_bajpai
narendramodi,Khandelw13Sagar
narendramodi,rohit_chahal
narendramodi,Shreeharib1
narendramodi,manisha_111
narendramodi,AnastasiadesCY
narendramodi,HritikSingh_
narendramodi,WeDeeptiSumit
narendramodi,JontyRhodes8
narendramodi,Ramlal
narendramodi,AnoopKaippalli
narendramodi,VRamanuj
narendramodi,AYBPS
narendramodi,sidharth_naik
narendramodi,KANABARDr
narendramodi,NayakDeep
narendramodi,neelshah31790
narendramodi,SunilYadavBJP
narendramodi,Navrang
narendramodi,ivishalthacker
narendramodi,radhichappi
narendramodi,mishra_shani
narendramodi,sureshdevsahai1
narendramodi,virajwrites
narendramodi,VishnuDhanuka
narendramodi,imeerage
narendramodi,akash207
narendramodi,myogiadityanath
narendramodi,drdineshbjp
narendramodi,kpmaurya1
narendramodi,NBirenSingh
narendramodi,Mohansinha
narendramodi,krishnapophale
narendramodi,varshasinghmcx
narendramodi,HindolSengupta
narendramodi,davidfrawleyved
narendramodi,India_Policy
narendramodi,anilkumble1074
narendramodi,TawdeVinod
narendramodi,NandanNilekani
narendramodi,RKSinhaBJP
narendramodi,SMungantiwar
narendramodi,DrSubhashMoS
narendramodi,RitaBJoshi
narendramodi,VipulGoelBJP
narendramodi,BabitaPhogat
narendramodi,geeta_phogat
narendramodi,drpwndutta
narendramodi,PcMNavy
narendramodi,suyashdeep
narendramodi,sachinsingh1010
narendramodi,payal_choksi
narendramodi,ishivam98
narendramodi,dilipjain1979
narendramodi,Bhaprra27
narendramodi,brajeshksingh
narendramodi,pknanda
narendramodi,anuraagmuskaan
narendramodi,imaheshgupta
narendramodi,abhijitmajumder
narendramodi,iam_manojgoenka
narendramodi,ombirlakota
narendramodi,MangteC
narendramodi,WrestlerSushil
narendramodi,boxervijender
narendramodi,maryashakil
narendramodi,ShankkarAiyar
narendramodi,prashantktm
narendramodi,iAvinashMishr
narendramodi,vikrantkumar
narendramodi,iAbhiAcharya
narendramodi,muglikar_
narendramodi,iAroraDeepak
narendramodi,iGyanendraGiri
narendramodi,DigitalGirish
narendramodi,Punitspeaks
narendramodi,abhimanyusrana
narendramodi,Abhina_Prakash
narendramodi,JhaRahul_Bihar
narendramodi,nitingokhale
narendramodi,ravi_pndey
narendramodi,blind_cricket
narendramodi,antoniocostapm
narendramodi,DuttYogi
narendramodi,klrahul11
narendramodi,karun126
narendramodi,monurajasthan
narendramodi,nikhildadhich
narendramodi,jaiprakashshah2
narendramodi,nishant_india
narendramodi,Shona2983
narendramodi,iSinghVikash
narendramodi,LavKrTiwari
narendramodi,nikhil5706
narendramodi,SharmaaAbhishek
narendramodi,VivekS241984
narendramodi,Sc_Baba03
narendramodi,Inavaneet
narendramodi,BhaskarGogoi
narendramodi,rajamaka
narendramodi,Kamallochanm
narendramodi,Manesha76
narendramodi,PiyushPatelBJP
narendramodi,MahabeerR
narendramodi,AdityaZaveri
narendramodi,Abhinav_Bindra
narendramodi,gaGunNarang
narendramodi,sp_dash68
narendramodi,bk_chudasama
narendramodi,ihiteshbansal
narendramodi,sahilkhurana09
narendramodi,virendra79
narendramodi,LkChahar
narendramodi,cracklier
narendramodi,bartwalvikram
narendramodi,iOnkarPandey
narendramodi,monakaran
narendramodi,CoalIndiaHQ
narendramodi,HPCL
narendramodi,imbhandarkar
narendramodi,sunilbansalbjp
narendramodi,shivprakashbjp
narendramodi,BahugunaSaket
narendramodi,startupindia
narendramodi,PIBHindi
narendramodi,TheHockeyIndia
narendramodi,Sunil_Deodhar
narendramodi,harbhajan_singh
narendramodi,AmitShahOffice
narendramodi,SSAhluwaliaMP
narendramodi,DrMNPandeyMP
narendramodi,mangalpandeybjp
narendramodi,SanjayTandonBJP
narendramodi,subhashbrala
narendramodi,satpalsattibjp
narendramodi,KailashOnline
narendramodi,ArunSinghbjp
narendramodi,HRajaBJP
narendramodi,SidharthNSingh
narendramodi,drsudhayadavBJP
narendramodi,KetanGondalia99
narendramodi,TheAshokSingh
narendramodi,jeetensingh
narendramodi,IBhavinJethva
narendramodi,sanjay11896
narendramodi,Paralympics
narendramodi,RajBhavanHry
narendramodi,JapanGov
narendramodi,IndiaUNGeneva
narendramodi,MBuhari
narendramodi,KagutaMuseveni
narendramodi,NajibRazak
narendramodi,SwasthChetnaa
narendramodi,moefcc
narendramodi,MinOfCultureGoI
narendramodi,Director_SEZ
narendramodi,DoC_GoI
narendramodi,IndiaDST
narendramodi,AgriGoI
narendramodi,dgftindia
narendramodi,grameenvidyut
narendramodi,crpfindia
narendramodi,pnvijay
narendramodi,iambmane
narendramodi,DevangVDave
narendramodi,NWRailways
narendramodi,my_rajasthan
narendramodi,draksbond
narendramodi,DrSanjayPSahoo
narendramodi,r_raghuraj
narendramodi,iamAbhishek021
narendramodi,CMOMaharashtra
narendramodi,pawanchamling5
narendramodi,MSJE_AIC
narendramodi,IncomeTaxIndia
narendramodi,ndmaindia
narendramodi,incredibleindia
narendramodi,CMO_Odisha
narendramodi,dasraghubar
narendramodi,IndiaPostOffice
narendramodi,HarsimratBadal_
narendramodi,Ashok_Gajapathi
narendramodi,KPGBJP
narendramodi,DRDO_India
narendramodi,BJP4AnN
narendramodi,BJP4Arunachal
narendramodi,BJP4Bihar
narendramodi,BJP4Chandigarh
narendramodi,BJP4DamanDiu
narendramodi,BJP4DnNH
narendramodi,BJP4Haryana
narendramodi,BJP4JnK
narendramodi,BJP4Jharkhand
narendramodi,BJP4Manipur
narendramodi,BJP4Nagaland
narendramodi,BJP4MP
narendramodi,BJP4Meghalaya
narendramodi,BJP4Punjab
narendramodi,BJP4Sikkim
narendramodi,BJP4Tripura
narendramodi,BJP4Telangana
narendramodi,BJP4UK
narendramodi,BSF_India
narendramodi,BJP4Andhra
narendramodi,EPN
narendramodi,POTUS44
narendramodi,POTUS45
narendramodi,sudarsansand
narendramodi,TelanganaCMO
narendramodi,goacm
narendramodi,rajeshkalra
narendramodi,HarbirSinghSuri
narendramodi,rajeev_mp
narendramodi,AndhraPradeshCM
narendramodi,CMMadhyaPradesh
narendramodi,parthiv9
narendramodi,anilvijminister
narendramodi,nihalchandindia
narendramodi,DeepaAthlete
narendramodi,BJP4Lakshadweep
narendramodi,ddsportschannel
narendramodi,cmohry
narendramodi,AkbaruddinIndia
narendramodi,SwachhBharatGov
narendramodi,investindia
narendramodi,NDRFHQ
narendramodi,CoalMinistry
narendramodi,MinOfPower
narendramodi,mnreindia
narendramodi,Logistics_MoC
narendramodi,girishalva
narendramodi,AbodeOfLakshmi
narendramodi,vdehejia
narendramodi,BJP4CGState
narendramodi,RajnathSingh_in
narendramodi,lakshmianand96
narendramodi,ArtofLiving
narendramodi,CVCIndia
narendramodi,Sanjaygupta0702
narendramodi,IndianFootball
narendramodi,Pradeep_Mahaur
narendramodi,capitalcalculus
narendramodi,IndiaSports
narendramodi,mjakbar
narendramodi,ITBP_official
narendramodi,CMOGuj
narendramodi,ramkripalmp
narendramodi,ppchaudharybjp
narendramodi,jsbhabhor
narendramodi,anilmdave
narendramodi,Dattatreya
narendramodi,AnantGeeteSS
narendramodi,PemaKhanduBJP
narendramodi,CISFHQrs
narendramodi,ashootosh12
narendramodi,GelviraA
narendramodi,shailendrat
narendramodi,Majordevendra
narendramodi,HighratedMaan
narendramodi,nistula
narendramodi,BSNLCorporate
narendramodi,RoopaSpeaks
narendramodi,DrSEShinde
narendramodi,BJP4Goa
narendramodi,swachhbharat
narendramodi,crchaudharymos
narendramodi,LabourMinistry
narendramodi,socialpwds
narendramodi,ARG_AFG
narendramodi,niku1630
narendramodi,vharitha17
narendramodi,Bittu_Tufani
narendramodi,tyagi_ajay1
narendramodi,ashokepandit
narendramodi,bhav2406
narendramodi,tufailelif
narendramodi,amitrajwant
narendramodi,jatanacharya
narendramodi,samvadplus
narendramodi,AmolSiddham
narendramodi,mvmeet
narendramodi,SandeepMahule
narendramodi,RitaG74
narendramodi,bhawana_pal
narendramodi,AjayKushwaha_
narendramodi,GGauravSharma14
narendramodi,BRICS2016
narendramodi,panchdeo_p
narendramodi,renu_18
narendramodi,prabin1206
narendramodi,SaffronJay
narendramodi,iShashiShekhar
narendramodi,ashish40411
narendramodi,Mahesh10816
narendramodi,Bsharmaks
narendramodi,MehulJain
narendramodi,ibhagwa_n
narendramodi,RanjanSri2001
narendramodi,AKGarg93
narendramodi,singhphool
narendramodi,HiteshX3
narendramodi,rani_ruhal
narendramodi,NikhilGuptaNK
narendramodi,ritz_1975
narendramodi,goldenjha
narendramodi,srimarothiya
narendramodi,HeeralalYadav_
narendramodi,chandan_loyola
narendramodi,OdiaAbinash
narendramodi,saandeepbjp
narendramodi,SKKaushikCanada
narendramodi,rbjanak
narendramodi,KuldeepOffice
narendramodi,pushkarofficial
narendramodi,HIT3N
narendramodi,VikashPreetam
narendramodi,iKaranSharma99
narendramodi,NaIna0806
narendramodi,AdityaTrivedi_
narendramodi,iPraveendixit
narendramodi,iSanjuktaP
narendramodi,sujatasuri
narendramodi,ManishBajpaiBjp
narendramodi,lnair123
narendramodi,kalpanadravid
narendramodi,Divsbabs
narendramodi,NeetuGarg6
narendramodi,ShikhaChikha
narendramodi,Dr_R_M_
narendramodi,ahlade
narendramodi,ainvvy
narendramodi,sharmarohitraj
narendramodi,Sanju_Verma_
narendramodi,swarupdas
narendramodi,rishibagree
narendramodi,NarenMenon1
narendramodi,manohar_sram
narendramodi,Suhas_AN
narendramodi,umanathtrip
narendramodi,theresa_may
narendramodi,uonbi
narendramodi,MagufuliJP
narendramodi,PresidencyZA
narendramodi,PresidentRuvi
narendramodi,PresidenciaMX
narendramodi,ArlingtonNatl
narendramodi,BJP4Bengal
narendramodi,BJP4Keralam
narendramodi,CharlesMichel
narendramodi,MP_Meerut
narendramodi,R_Lakhanpal
narendramodi,UNinIndia
narendramodi,aloksanjar
narendramodi,GMSBJP
narendramodi,prasoonjoshi_
narendramodi,Kailashkher
narendramodi,sudhirchaudhary
narendramodi,ahir_hansraj
narendramodi,RahulKaswanMP
narendramodi,SirPareshRawal
narendramodi,DrRPNishank
narendramodi,MPRakeshSingh
narendramodi,gssjodhpur
narendramodi,CGAbhishekSingh
narendramodi,iGopalShetty
narendramodi,drsanjeevbalyan
narendramodi,dr_satyapal
narendramodi,trustnamo
narendramodi,Aalok_Pradhan
narendramodi,Peymasad
narendramodi,AnkurDhaka
narendramodi,mohnotgaurav18
narendramodi,JoshiPralhad
narendramodi,vijaysamplabjp
narendramodi,drkiritpsolanki
narendramodi,SharadYadavMP
narendramodi,DeependerSHooda
narendramodi,rameshbidhuri
narendramodi,NSawaikar
narendramodi,shripadynaik
narendramodi,GaneshSingh_in
narendramodi,VinodChavdaBJP
narendramodi,PCMohanMP
narendramodi,bjpdilippatel
narendramodi,capt_amarinder
narendramodi,shewale_rahul
narendramodi,ShelarAshish
narendramodi,raosahebdanve
narendramodi,RahulGandhi
narendramodi,MDoNER_India
narendramodi,DrJitendraSingh
narendramodi,nishikant_dubey
narendramodi,ragarwal
narendramodi,drcpjoshi
narendramodi,prithvrj
narendramodi,milinddeora
narendramodi,Healer_tete
narendramodi,ExSecular
narendramodi,neha_aks
narendramodi,prahladspatel
narendramodi,bjpramswaroop
narendramodi,arjunrammeghwal
narendramodi,LiladharVaghela
narendramodi,Haribhaip
narendramodi,ahmedpatel
narendramodi,adhia03
narendramodi,NalinSKohli
narendramodi,Medha_kulkarni
narendramodi,madhurimisal
narendramodi,AnilShiroleBJP
narendramodi,DrPremKrBihar
narendramodi,AshwiniKChoubey
narendramodi,IndiaHistorypic
narendramodi,SinghRPN
narendramodi,CMofKarnataka
narendramodi,NitishKumar
narendramodi,yschowdary
narendramodi,santoshgangwar
narendramodi,KirenRijiju
narendramodi,TCGEHLOT
narendramodi,OpIndia_com
narendramodi,RealHistoryPic
narendramodi,PawarSpeaks
narendramodi,anirbanganguly
narendramodi,MinistryWCD
narendramodi,nstomar
narendramodi,nheptulla
narendramodi,Manekagandhibjp
narendramodi,supriya_sule
narendramodi,praful_patel
narendramodi,VoiceOfAxom
narendramodi,drrajdeeproy
narendramodi,SBhttachrya
narendramodi,kishorenath228
narendramodi,JM_Scindia
narendramodi,jviplav
narendramodi,upadhyaysbjp
narendramodi,ManojTiwariMP
narendramodi,PoonambenMaadam
narendramodi,SitaramYechury
narendramodi,dr_maheshsharma
narendramodi,HariBabuBJP
narendramodi,rssurjewala
narendramodi,ajaymaken
narendramodi,digvijaya_28
narendramodi,shaksingh
narendramodi,AmitabhBJP
narendramodi,ShashiTharoor
narendramodi,Swachhalay
narendramodi,BSYBJP
narendramodi,OmarAbdullah
narendramodi,DrAMSinghvi
narendramodi,ChBirenderSingh
narendramodi,Rao_InderjitS
narendramodi,ArvindKejriwal
narendramodi,ShobhaBJP
narendramodi,msisodia
narendramodi,ysjagan
narendramodi,Naveen_Odisha
narendramodi,yadavakhilesh
narendramodi,crush2arvind
narendramodi,ManojGoelBJP
narendramodi,Tejasvi_Surya
narendramodi,jawaharyadavbjp
narendramodi,MBPatil
narendramodi,SwarajyaMag
narendramodi,laluprasadrjd
narendramodi,yadavtejashwi
narendramodi,shantakumarbjp
narendramodi,Gupta_vijender
narendramodi,Dr_Uditraj
narendramodi,KirronKherBJP
narendramodi,mansukhbhai_mos
narendramodi,HariManjhi
narendramodi,KamakhyaTasa
narendramodi,FagganSKulaste
narendramodi,bharatdwajbarua
narendramodi,gaprithvi
narendramodi,goutamprasad92
narendramodi,MamataOfficial
narendramodi,abhishekaitc
narendramodi,Kumar_VinodR
narendramodi,DilipGhoshBJP
narendramodi,BJP4Assam
narendramodi,himantabiswa
narendramodi,bjpdrmahendra
narendramodi,vishy64theking
narendramodi,Kummanam
narendramodi,PankajAdvani247
narendramodi,mauriciomacri
narendramodi,marianorajoy
narendramodi,RoyalFamily
narendramodi,wembleystadium
narendramodi,JustinTrudeau
narendramodi,RepSwalwell
narendramodi,EndaKennyTD
narendramodi,TurnbullMalcolm
narendramodi,lykketoft
narendramodi,AkashvaniAIR
narendramodi,RW_UNP
narendramodi,HHShkMohd
narendramodi,MohamedBinZayed
narendramodi,MasdarInst
narendramodi,JZarif
narendramodi,PMOIndia
narendramodi,jmkikwete
narendramodi,MinPres
narendramodi,thetribunechd
narendramodi,JimYongKimWBG
narendramodi,bluehousekorea
narendramodi,enkhboldz
narendramodi,elbegdorj
narendramodi,therealkapildev
narendramodi,PPBhaishri
narendramodi,nice_indian
narendramodi,dravirmani
narendramodi,CimGOI
narendramodi,APanagariya
narendramodi,sureshpprabhu
narendramodi,dreamgirlhema
narendramodi,GermanyinIndia
narendramodi,HonJulieBishop
narendramodi,iam_juhi
narendramodi,UNGeneva
narendramodi,UN_Spokesperson
narendramodi,USAmbIndia
narendramodi,iamyusufpathan
narendramodi,Thakur_Jiiii
narendramodi,AskAnshul
narendramodi,saaxenanurag
narendramodi,UnSubtleDesi
narendramodi,MukulKMishra
narendramodi,MahaveerM_
narendramodi,DrManishKumar1
narendramodi,JainBhaiyya
narendramodi,Purple_Truth
narendramodi,DelhiTweeter
narendramodi,SwarupPhD
narendramodi,guruprasad_gp
narendramodi,bhak_sala
narendramodi,nagesh_r_rao
narendramodi,NamokaJogi
narendramodi,NamoChaiParty
narendramodi,globeandmail
narendramodi,HonEdFast
narendramodi,wladyslawlizon
narendramodi,JulianFantino
narendramodi,calxandr
narendramodi,KentThornhillMP
narendramodi,BradButtMP
narendramodi,sanjoynarayan
narendramodi,RajanAnandan
narendramodi,dickc
narendramodi,DataPortalIndia
narendramodi,HemanNamo
narendramodi,TodayInSey
narendramodi,SeychellesFAD
narendramodi,FAZ_Eil
narendramodi,melindagates
narendramodi,jayantsinha
narendramodi,SpokespersonMoD
narendramodi,eoiberlin
narendramodi,IndianEmbKabul
narendramodi,HCI_London
narendramodi,Indian_Embassy
narendramodi,IndianEmbassyUS
narendramodi,HMOIndia
narendramodi,RailMinIndia
narendramodi,MoHFW_INDIA
narendramodi,MOSHomeIndia
narendramodi,mygovindia
narendramodi,DDNewsHindi
narendramodi,DDNational
narendramodi,TexMinIndia
narendramodi,makeinindia
narendramodi,k_satyarthi
narendramodi,ncbn
narendramodi,EduMinOfIndia
narendramodi,MORTHIndia
narendramodi,MVenkaiahNaidu
narendramodi,_DigitalIndia
narendramodi,SuPriyoBabul
narendramodi,DVSadanandGowda
narendramodi,DIPPGOI
narendramodi,ChhattisgarhCMO
narendramodi,manojsinha_
narendramodi,TheOfficialSBI
narendramodi,hci_pretoria
narendramodi,IndiaInSerbia
narendramodi,CDMissionIndia
narendramodi,IndiainMyanmar
narendramodi,ihcdhaka
narendramodi,indembkwt
narendramodi,IndEmbDoha
narendramodi,IndembTana
narendramodi,IndiaVenezuela
narendramodi,IndiainTanzania
narendramodi,IndiaInGuate
narendramodi,IndianEmbassyML
narendramodi,IndianEmbJkt
narendramodi,IndiainUkraine
narendramodi,CGIPerth
narendramodi,IndiaInNepal
narendramodi,indembcam
narendramodi,IndiainPoland
narendramodi,IndiainSingapor
narendramodi,indembcairo
narendramodi,indembastana
narendramodi,IndiainZimbabwe
narendramodi,IndiainMongolia
narendramodi,IndiaInYemen
narendramodi,hcizambia
narendramodi,IndiainPakistan
narendramodi,ashrafghani
narendramodi,NSDCINDIA
narendramodi,PetroleumMin
narendramodi,sarbanandsonwal
narendramodi,JPNadda
narendramodi,irvpaswan
narendramodi,hannover_messe
narendramodi,NSC44
narendramodi,MOFPI_GOI
narendramodi,minmsme
narendramodi,bhaktisharma4
narendramodi,PtDhirOfficial
narendramodi,Chopsyturvey
narendramodi,nishahnt
narendramodi,FinMinIndia
narendramodi,nasscom
narendramodi,Leander
narendramodi,rohanbopanna
narendramodi,rahulroushan
narendramodi,UdayMahurkar
narendramodi,GoI_MeitY
narendramodi,Arpithams
narendramodi,saureen
narendramodi,prasarbharati
narendramodi,leehsienloong
narendramodi,satyanadella
narendramodi,AndrewRobbAO
narendramodi,dhume
narendramodi,mpgaruda
narendramodi,RajanTiwari_
narendramodi,AdvaitaKala
narendramodi,Elysee
narendramodi,LaurentFabius
narendramodi,mrlanceprice
narendramodi,MaithripalaS
narendramodi,CKforCleanIndia
narendramodi,MikeBloomberg
narendramodi,imjadeja
narendramodi,RayuduAmbati
narendramodi,ImRaina
narendramodi,ajinkyarahane88
narendramodi,ImRo45
narendramodi,SDhawan25
narendramodi,imVkohli
narendramodi,ashwinravi99
narendramodi,BhuviOfficial
narendramodi,y_umesh
narendramodi,JohnKerry
narendramodi,IsraeliPM
narendramodi,KremlinRussia_E
narendramodi,MohamedNasheed
narendramodi,MJameelAhmed
narendramodi,MedvedevRussiaE
narendramodi,FijiPM
narendramodi,fhollande
narendramodi,mlkhattar
narendramodi,Baird
narendramodi,GovChristie
narendramodi,MarsOrbiter
narendramodi,isro
narendramodi,RtHon_JohnKey
narendramodi,HonTonyAbbott
narendramodi,dilmabr
narendramodi,POI13
narendramodi,tsheringtobgay
narendramodi,MEAIndia
narendramodi,nitin_gadkari
narendramodi,rajinikanth
narendramodi,ptshrikant
narendramodi,ShainaNC
narendramodi,anugyaan
narendramodi,ananya_goenka
narendramodi,sadhuvaad
narendramodi,LibraRulz
narendramodi,balamy
narendramodi,rasita
narendramodi,Tan_Tripathi
narendramodi,Wisey_woman
narendramodi,monicanitin
narendramodi,Ankitaaa_
narendramodi,Chhabiy
narendramodi,1SH4N
narendramodi,SriSutaa
narendramodi,Deveshvari
narendramodi,IndianMaverick
narendramodi,mohitbajpai
narendramodi,amritabhinder
narendramodi,smarket
narendramodi,indianalltheway
narendramodi,AlSanghi
narendramodi,MsWeera
narendramodi,RnRSquall
narendramodi,iAsura_
narendramodi,tweetingsourav
narendramodi,rajpadma
narendramodi,jothishnair1010
narendramodi,suyash_agrawal
narendramodi,puneetsarna
narendramodi,pratitimajumdar
narendramodi,dhanjitgiri
narendramodi,sadhavi
narendramodi,BlogDinesh
narendramodi,sidgoyal1
narendramodi,_vishalgupta_
narendramodi,dreamthatworks
narendramodi,rsprasad
narendramodi,BSKoshyari
narendramodi,RCIEPCU
narendramodi,madhutrehan
narendramodi,ZeeNews
narendramodi,newslaundry
narendramodi,abpnewshindi
narendramodi,daily_bhaskar
narendramodi,Raghav_Bahl
narendramodi,BrookingsInst
narendramodi,ians_india
narendramodi,NavbharatTimes
narendramodi,ashabhosle
narendramodi,biswajeetdash
narendramodi,cooladitaya
narendramodi,iPuneetSharma
narendramodi,DainikBhaskar
narendramodi,JagranNews
narendramodi,AP
narendramodi,EconomicTimes
narendramodi,ETPolitics
narendramodi,stephenharper
narendramodi,NelsonMandela
narendramodi,YahooNews
narendramodi,neovasant
narendramodi,livemint
narendramodi,ketan72
narendramodi,ashwinskumar
narendramodi,bsindia
narendramodi,zankrut
narendramodi,mayankjain100
narendramodi,prasannakarthik
narendramodi,singapuriah
narendramodi,pranavmistry
narendramodi,bharat546
narendramodi,avinashchoubey
narendramodi,PradnyaLotlikar
narendramodi,iamnarendranath
narendramodi,ArkJaiswal
narendramodi,VictoriousNamo
narendramodi,rahulkanwal
narendramodi,punjabkesari
narendramodi,HackIndia
narendramodi,AmitThakerBJP
narendramodi,sanjaypugalia
narendramodi,neelimatripathi
narendramodi,YRDeshmukh
narendramodi,yogeshdattani
narendramodi,khul812
narendramodi,TwitterLive
narendramodi,TheAsianAgeNews
narendramodi,Life4India
narendramodi,ravibhadoria
narendramodi,dvsax
narendramodi,Darshankhatri
narendramodi,swaroopvaidya78
narendramodi,BRIGBIN
narendramodi,RealRediffCom
narendramodi,AbhiRajPandey
narendramodi,iammohitk
narendramodi,rulhania73
narendramodi,MehulGohil_
narendramodi,NarayanNed
narendramodi,kiransnm
narendramodi,mkaswala
narendramodi,amitchitalia
narendramodi,kirronmmehta
narendramodi,sunilalagh
narendramodi,KiritSomaiya
narendramodi,exploringlyf
narendramodi,virsain7
narendramodi,karuneshupbjp
narendramodi,PARESH7532
narendramodi,yesbabunni
narendramodi,LaljiG
narendramodi,ParthsoniSoni
narendramodi,Nations_Choice
narendramodi,p_sahibsingh
narendramodi,IndianBhargav
narendramodi,yunustalat
narendramodi,VisVp
narendramodi,parthusoni
narendramodi,jethabhaiahir
narendramodi,anandshah012
narendramodi,ModiforPMOrg
narendramodi,jualoram
narendramodi,BJPsudhanRSS
narendramodi,DrRahulgoswami
narendramodi,bharatsinh58
narendramodi,surjitbhalla
narendramodi,ModiUFC
narendramodi,rohitrana1973
narendramodi,AmitShah
narendramodi,RKtyagiBJP
narendramodi,kamalsharmabjp
narendramodi,DrLokhandwala
narendramodi,vinkumadhok
narendramodi,Bjp4Kerala
narendramodi,PiyushDesaiMLA
narendramodi,bjp4kanpurzone
narendramodi,HLRCIndia
narendramodi,tsrawatbjp
narendramodi,DrRamapati
narendramodi,ForceNamo
narendramodi,TheRannUtsav
narendramodi,RuralGujarat
narendramodi,RadhamohanBJP
narendramodi,BJP4UP
narendramodi,BJYM4Bihar
narendramodi,arunjaitley
narendramodi,LKBajpaiBJP
narendramodi,News18Rajasthan
narendramodi,friendsofrss
narendramodi,NatGeo
narendramodi,p_gupta93
narendramodi,Iamtssudhir
narendramodi,VirendrasinhBJP
narendramodi,SagarMishraBJP
narendramodi,vishnuthakurbjp
narendramodi,ImNewIndia_
narendramodi,Avadhutwaghbjp
narendramodi,ALKAAGARWAL9
narendramodi,ArrtiMehra
narendramodi,TheRSS_Piyussh
narendramodi,IndiaSamwad
narendramodi,sunnyvadhadiya
narendramodi,AManippady
narendramodi,sambitswaraj
narendramodi,RavindraWaikar
narendramodi,NaMo_India
narendramodi,BJPKashiKshetra
narendramodi,AskTamal
narendramodi,rajmahilamorcha
narendramodi,RamcharanBohra
narendramodi,GirishBapatBJP
narendramodi,nitinmahalwal
narendramodi,atnanapatilmp
narendramodi,ParagBarot1
narendramodi,Umeshnni
narendramodi,ivivekbansal
narendramodi,MPSAMWAD
narendramodi,RamkiXLRI
narendramodi,AshishKBameta
narendramodi,MODIfyUP
narendramodi,zankhanabenbjp
narendramodi,AnupamkPandey
narendramodi,satishmaisuriya
narendramodi,MaheishGirri
narendramodi,nalinkateel
narendramodi,bhsngr
narendramodi,rakeshgoelbjp
narendramodi,Er_Dev_rajBJP
narendramodi,PranavJoshi_
narendramodi,Abhishek_UP_
narendramodi,RajivPratapRudy
narendramodi,rajneesh4n
narendramodi,Jeetparmar555
narendramodi,satyendra249
narendramodi,sanjaytripathi3
narendramodi,bbsomani
narendramodi,Vishwas1980
narendramodi,mangalpady
narendramodi,SunilSinghBJP
narendramodi,MatruBhakt
narendramodi,CaptBrijesh
narendramodi,RaviRanjanIn
narendramodi,AnilChalageri
narendramodi,ErSatyendraJain
narendramodi,Meenakshi_shn
narendramodi,pratik123
narendramodi,bindeshpandya
narendramodi,ErArunJain
narendramodi,ambikamalla
narendramodi,BJPPath
narendramodi,dhaval241086
narendramodi,KalrajMishra
narendramodi,ningarajbjp
narendramodi,pankajvdeshpan1
narendramodi,man4bharat
narendramodi,dpradhanbjp
narendramodi,bjpbusinesscell
narendramodi,mission__272
narendramodi,BJPShivPShukla
narendramodi,ModiforNewIndia
narendramodi,BJP_Manifesto
narendramodi,drharshvardhan
narendramodi,bbgarg7
narendramodi,iManishAgarwal
narendramodi,yempjith
narendramodi,rahulnarwekar
narendramodi,aboutdotme
narendramodi,MukulAgarwal66
narendramodi,agarwalrishabh
narendramodi,JayaHoIndia
narendramodi,indiantweeter
narendramodi,hemster
narendramodi,arvind_joshi
narendramodi,ajayrdave
narendramodi,Suyash75
narendramodi,SplendidlyDull
narendramodi,masala_chaas
narendramodi,rknshah
narendramodi,siddtalks
narendramodi,rajudasonline
narendramodi,auldtimer
narendramodi,yogrishiramdev
narendramodi,TandonRaveena
narendramodi,News18Guj
narendramodi,VinodKhanna
narendramodi,Gen_VKSingh
narendramodi,BBCBreaking
narendramodi,BreakingNews
narendramodi,bhootnath
narendramodi,PRSLegislative
narendramodi,Abhiemanyu
narendramodi,ManikTyagi
narendramodi,sweetspottrader
narendramodi,yamalavyas
narendramodi,nitin9296
narendramodi,Ra_THORe
narendramodi,rahulgrover88
narendramodi,jalebi9
narendramodi,NitinKashyap_
narendramodi,_Aniket
narendramodi,drnileshmodi
narendramodi,deepakjethwani
narendramodi,sacaggarwal
narendramodi,HonestBihari
narendramodi,bhaveshkpandey
narendramodi,MansukhlalBJP
narendramodi,VimeshPandya
narendramodi,sharadnirvana
narendramodi,creativegarg
narendramodi,rajeshyadavRF
narendramodi,klmmani
narendramodi,Citizens4Modi
narendramodi,efights
narendramodi,efights
narendramodi,SatyaPalJain
narendramodi,rknannuta
narendramodi,NaMo4PM
narendramodi,selvambjp
narendramodi,nilam1980
narendramodi,dkgdelhi
narendramodi,YSirkeck
narendramodi,BJP4BrijKshetra
narendramodi,neeraj_jain75
narendramodi,Simi_Garewal
narendramodi,ATULVEKARIYA1
narendramodi,bharatpandyabjp
narendramodi,KeyurJDesai
narendramodi,MlaPraful
narendramodi,birjushah91
narendramodi,ijaivalbhatt
narendramodi,BJPDholpur
narendramodi,BhushanABhatt
narendramodi,manishpatelbjp
narendramodi,ouryug
narendramodi,airnewsalerts
narendramodi,sushilchopra149
narendramodi,BhavikPrit
narendramodi,proudindianadv
narendramodi,Ganpatsinhv
narendramodi,ravigoklani1
narendramodi,achalapromoters
narendramodi,Nagendr_Sharma_
narendramodi,ShyamSJaju
narendramodi,MathurSavani
narendramodi,umasribharti
narendramodi,IndianCAG
narendramodi,Hitendrasinhbjp
narendramodi,iamDSP1
narendramodi,Interceptors
narendramodi,MundaArjun
narendramodi,gauravcsawant
narendramodi,UN_Women
narendramodi,pkt_bjp
narendramodi,Saffronkoffee
narendramodi,shikha_shrivas
narendramodi,ankushraj29
narendramodi,MohitChaturvedi
narendramodi,makesplash
narendramodi,sunil_choudhry
narendramodi,SouleFacts
narendramodi,NeenaRai
narendramodi,rajesh188
narendramodi,rajeshpadmar
narendramodi,mamtame
narendramodi,smitabarooah
narendramodi,NavroopSingh_
narendramodi,Sai_swaroopa
narendramodi,VinodTaparia1
narendramodi,dKNAIR4BJP
narendramodi,Hemanshumisra
narendramodi,KedarNiwasi
narendramodi,OneAwanish
narendramodi,SGhodgerikar
narendramodi,VanathiBJP
narendramodi,_RaghavTiwari
narendramodi,ShaileshtTiwari
narendramodi,TheIndiaStory
narendramodi,Savitri4Ever
narendramodi,News18Jharkhand
narendramodi,anjaiyamahajan
narendramodi,BJPNamakkal
narendramodi,ramsharma_bjp
narendramodi,Pratik_Doshi
narendramodi,smitaprakash
narendramodi,realpreityzinta
narendramodi,Mosiqi
narendramodi,gupta_rekha
narendramodi,NSaina
narendramodi,Tanushreeroybjp
narendramodi,LakshmiManchu
narendramodi,RohiniBakshi
narendramodi,ggiittiikkaa
narendramodi,upma23
narendramodi,sushmahari
narendramodi,Meenu_71
narendramodi,mahakbhawani
narendramodi,Jal_Kukdi
narendramodi,KinjalDesai_KD
narendramodi,DaringDeepa
narendramodi,iMoytreeBaruah
narendramodi,namsardar
narendramodi,spicy_words
narendramodi,Phirmi_Bodo
narendramodi,Si_lv_er
narendramodi,tinsense
narendramodi,iPallabiDowerah
narendramodi,DhanushKool
narendramodi,Rashimdharsood
narendramodi,yoginisd
narendramodi,VerseCannon
narendramodi,Reuters
narendramodi,dna
narendramodi,laimacha
narendramodi,CNNnews18
narendramodi,the_hindu
narendramodi,IndiaToday
narendramodi,IndiaVotescom
narendramodi,Lakshya2019
narendramodi,India272Daily
narendramodi,BJP272Plus
narendramodi,PandaJay
narendramodi,timesofindia
narendramodi,Twitter
narendramodi,BJPGujarat
narendramodi,BJPManipur
narendramodi,pvssarma
narendramodi,palamuru
narendramodi,Riyazabbasabidi
narendramodi,amarnathbjp
narendramodi,SudhanshuBJP
narendramodi,ajayprakash_ias
narendramodi,epanchjanya
narendramodi,madhukishwar
narendramodi,ndtv
narendramodi,NID_India
narendramodi,ABPNews
narendramodi,purneshmodi
narendramodi,news18dotcom
narendramodi,IndiaTodayFLASH
narendramodi,htTweets
narendramodi,suryakantpandey
narendramodi,News18UP
narendramodi,TheDailyPioneer
narendramodi,PritishNandy
narendramodi,kiranshaw
narendramodi,Suhelseth
narendramodi,amitanirudha
narendramodi,MRVChennai
narendramodi,mahadevrdesai
narendramodi,mishrabimalendu
narendramodi,Pv_VimalNair
narendramodi,ravin1sky
narendramodi,NidhiKamdarMH
narendramodi,MurliSharmaBJP
narendramodi,MahilaMorchaRaj
narendramodi,bjpsamvaddelhi
narendramodi,RavibhusariBJP
narendramodi,epw_in
narendramodi,guardian
narendramodi,guardian_sport
narendramodi,PenguinBooks
narendramodi,FortuneMagazine
narendramodi,localscaleorg
narendramodi,FT
narendramodi,HuffPostPol
narendramodi,WSJ
narendramodi,Newsweek
narendramodi,washingtonpost
narendramodi,cnnbrk
narendramodi,India_Progress
narendramodi,ratigirl
narendramodi,MODIfiedVikas
narendramodi,Gurubhat_
narendramodi,jitengajaria
narendramodi,SandilyaSK
narendramodi,iShashi
narendramodi,shaileshkpandey
narendramodi,SuryahSG
narendramodi,siddarthpaim
narendramodi,Amitguj281983
narendramodi,Akanksha_Writes
narendramodi,onlyskr
narendramodi,MsKaushik_
narendramodi,me_sunitaa
narendramodi,ManoJJoshiraj
narendramodi,RJSaurabhShukla
narendramodi,abhi_dave
narendramodi,deepakkakran
narendramodi,ravigupta00
narendramodi,bansal_dhanraj
narendramodi,mayanknigam
narendramodi,shelar
narendramodi,IDurgeshKumar
narendramodi,chetanbragta
narendramodi,girirajsinghbjp
narendramodi,Saffron_Shekhar
narendramodi,neerajbgp
narendramodi,ChowkidaarVipul
narendramodi,sarvesh2011
narendramodi,DeepakTewari5
narendramodi,Rampratap_91
narendramodi,TajinderBagga
narendramodi,TigerRajaSingh
narendramodi,Saffron108
narendramodi,sanjibg99
narendramodi,arunbansalfb
narendramodi,jalan_akshay
narendramodi,PritamSharmaBJP
narendramodi,AUThackeray
narendramodi,MIB_India
narendramodi,IndianDiplomacy
narendramodi,ficci_india
narendramodi,PIB_India
narendramodi,NITIAayog
narendramodi,SCJudgments
narendramodi,acorn
narendramodi,IIM_Calcutta
narendramodi,IIMAhmedabad
narendramodi,IIMKozhikode
narendramodi,FMS_Delhi
narendramodi,ISBedu
narendramodi,IIML
narendramodi,IIM_Bangalore
narendramodi,vinodxsankar
narendramodi,ShivKumarSoni6
narendramodi,Arthshastri
narendramodi,sandeepn9ne
narendramodi,GoogleIndia
narendramodi,mansukhmandviya
narendramodi,dr_captalok
narendramodi,semubhatt
narendramodi,bjpsamvad
narendramodi,prodyut4india
narendramodi,TheJaggi
narendramodi,kavitavkhanna
narendramodi,adgpi
narendramodi,AOLSwamiji
narendramodi,Namo_Shakti
narendramodi,RCFaldu
narendramodi,sherryontopp
narendramodi,RakeshSinha01
narendramodi,manishkapadiya
narendramodi,vibhavaridave
narendramodi,BJP4Chikmagalur
narendramodi,bjpchandigarh
narendramodi,Madhukeshwar
narendramodi,BJPPunjab
narendramodi,DhansukhbhaiBJP
narendramodi,OdishaStateBJP
narendramodi,singhomshiv
narendramodi,sharadpandeygzp
narendramodi,BJPNorthAmerica
narendramodi,DrSatyaSaraswat
narendramodi,ShivshankarS
narendramodi,temsutulaimsong
narendramodi,shailretail
narendramodi,MathkariVikas
narendramodi,kiranckalluri
narendramodi,vinitgoenka
narendramodi,SMohanrajulu
narendramodi,msdhoni
narendramodi,YUVSTRONG12
narendramodi,anuragpathak12
narendramodi,Bittu1780
narendramodi,thekiranbedi
narendramodi,KishoreKar
narendramodi,KirtiAzaad
narendramodi,sanjeevbjp
narendramodi,byadavbjp
narendramodi,sushma1j
narendramodi,AnnapurnaBJP
narendramodi,BJPcentralmedia
narendramodi,GoaBJP
narendramodi,Google
narendramodi,TwitterIndia
narendramodi,niravshah112
narendramodi,BJP4Rajasthan
narendramodi,rajneilkamath
narendramodi,shivithukral
narendramodi,DarshanDoshi3
narendramodi,nkduttarana
narendramodi,DarshanaJardosh
narendramodi,Ishan_Rao
narendramodi,manji_ahir
narendramodi,iPankajShukla
narendramodi,BjpBhavnagar
narendramodi,JoinBJYMNAMO
narendramodi,SureshPatelMLA
narendramodi,NewsMedia4U
narendramodi,imBhupendrasinh
narendramodi,SYEDRAFIQLIMDA
narendramodi,BJP4Himachal
narendramodi,BjpSantosh
narendramodi,NupurSharmaBJP
narendramodi,youth4bjp
narendramodi,bjpcg
narendramodi,TrustBJP
narendramodi,ihvinod
narendramodi,BJP4Maharashtra
narendramodi,iamnisargbhatt
narendramodi,bjpdelhisupport
narendramodi,rahulpandita
narendramodi,hellogunj
narendramodi,ChaudhryShankar
narendramodi,bjp_haryana
narendramodi,PrakaashGurjar
narendramodi,IT4NaMo
narendramodi,ModiBharosa
narendramodi,ramant3588_ram
narendramodi,varungandhi80
narendramodi,rajnathsingh
narendramodi,manoharparrikar
narendramodi,Dev_Fadnavis
narendramodi,SudhanshuTrived
narendramodi,subhashmahariaa
narendramodi,S_Mandalia
narendramodi,TheUnRealTimes
narendramodi,DrTamilisaiGuv
narendramodi,aniljaindr
narendramodi,CTRavi_BJP
narendramodi,SharmaKhemchand
narendramodi,ashwinvyasbjp
narendramodi,jkavadiya
narendramodi,MSufiSaint
narendramodi,devusinh
narendramodi,MiraAggarwalBJP
narendramodi,ArvindLBJP
narendramodi,Nvssprabhakar1
narendramodi,PathanAsmakhan
narendramodi,SarojPandeyBJP
narendramodi,AshokParnamiBJP
narendramodi,gauravkharibjp
narendramodi,love4Bjp
narendramodi,Modi4PMAgain
narendramodi,BJP4Odisha
narendramodi,BJPBengal
narendramodi,anupamtr
narendramodi,realgyana
narendramodi,ramanmalik
narendramodi,prodyut4assam
narendramodi,saurabhpatelguj
narendramodi,ChouhanShivraj
narendramodi,JagadishShettar
narendramodi,RAshokaBJP
narendramodi,PrakashJavdekar
narendramodi,SushilModi
narendramodi,v_shrivsatish
narendramodi,VasundharaBJP
narendramodi,alok_bhatt
narendramodi,DhrumilBJP
narendramodi,PiyushGoyal
narendramodi,CaptAbhimanyu
narendramodi,sirudrani
narendramodi,vibhask1
narendramodi,MLASangitaPatil
narendramodi,ericschmidt
narendramodi,thevaibhavag
narendramodi,tathagata2
narendramodi,AP_BJP_IT_Cell
narendramodi,BJPKarSMITCell
narendramodi,BJP4Delhi
narendramodi,USIBC
narendramodi,sarkar_swati
narendramodi,DrChandanMitra
narendramodi,HugoSwire
narendramodi,DrShobha
narendramodi,JamesBevanEA
narendramodi,AnanthKumar_BJP
narendramodi,David_Cameron
narendramodi,AbeShinzo
narendramodi,RNTata2000
narendramodi,TOIAhmedabad
narendramodi,oneindiaHindi
narendramodi,oneindiagujarat
narendramodi,PonnaarrBJP
narendramodi,PMuralidharRao
narendramodi,Hiteshchaudhari
narendramodi,Rajan_Tewari
narendramodi,DushyantDholpur
narendramodi,moderateright
narendramodi,ParagDr
narendramodi,RohitBJP
narendramodi,RSSorg
narendramodi,veer
narendramodi,avinash_b01
narendramodi,harshaperla
narendramodi,kushanmitra
narendramodi,rvaidya2000
narendramodi,smna17
narendramodi,UtsavMitra
narendramodi,mepratap
narendramodi,sunandavashisht
narendramodi,JapanPathak
narendramodi,gujratsamachar
narendramodi,JPN_PMO
narendramodi,indianyogi
narendramodi,amitvkaushik
narendramodi,manishailesh
narendramodi,manojladwa
narendramodi,rammadhavbjp
narendramodi,5Forty3
narendramodi,Ashutosh1671
narendramodi,Pankajbhaidesai
narendramodi,paritosh2608
narendramodi,ianuragthakur
narendramodi,sanjay_kaul
narendramodi,TimesNow
narendramodi,sandeshnews
narendramodi,Divya_Bhaskar
narendramodi,jainil2988
narendramodi,cppatel35
narendramodi,ihardikshah
narendramodi,jaysinhbjp1
narendramodi,TravelQuotient
narendramodi,nanditathhakur
narendramodi,pawankaushal
narendramodi,MadhaviBhuta
narendramodi,VijayGoelBJP
narendramodi,KalamCenter
narendramodi,arrahman
narendramodi,NitiCentral
narendramodi,vijayrupanibjp
narendramodi,amitabhk87
narendramodi,NarayanbhaiPate
narendramodi,ajitsinh_
narendramodi,Sharnarthee
narendramodi,ViratBharat
narendramodi,hchaturv
narendramodi,dimpsdawns
narendramodi,mamtan14
narendramodi,BJPLive
narendramodi,kaushkrahul
narendramodi,ramanlalvora
narendramodi,gujcomm
narendramodi,MinhazMerchant
narendramodi,ANI
narendramodi,iPatelGovind
narendramodi,bjpitcellbvn
narendramodi,dharmanext
narendramodi,M_Lekhi
narendramodi,amargov
narendramodi,bjponline
narendramodi,meerasanyal
narendramodi,bibekdebroy
narendramodi,Team_CRI
narendramodi,TheEconomist
narendramodi,anandmahindra
narendramodi,ajaydevgn
narendramodi,Nikunj_Vakil
narendramodi,bjp_
narendramodi,bjym_gujarat
narendramodi,tv9gujarati
narendramodi,icreategujarat
narendramodi,piyushfofandi
narendramodi,iDilipsoni
narendramodi,NaMoFanGaurav
narendramodi,rajikakacheria
narendramodi,parthesh_99
narendramodi,TOIOpinion
narendramodi,vanityparty
narendramodi,BJYM
narendramodi,jitu_vaghani
narendramodi,Swamy39
narendramodi,dangarbharat
narendramodi,ShahnawazBJP
narendramodi,BJP4India
narendramodi,sanghaviharsh
narendramodi,naqvimukhtar
narendramodi,pbmehta
narendramodi,ABVPVoice
narendramodi,SominduS
narendramodi,Gujarat_Truth
narendramodi,HLDesai
narendramodi,BJPITCELLNadiad
narendramodi,vbpulla
narendramodi,DrKathiria
narendramodi,ibtlx
narendramodi,RudraHindu
narendramodi,cpdarshi
narendramodi,IKJadejaBJP
narendramodi,Nitinbhai_Patel
narendramodi,Dileep_Sanghani
narendramodi,PradipsinhGuj
narendramodi,subodh1945
narendramodi,PRupala
narendramodi,Jaydrathsinhji
narendramodi,CRPaatil
narendramodi,VasubenTrivedi
narendramodi,Sootradhar
narendramodi,KartikeyaTanna
narendramodi,anandibenpatel
narendramodi,BairiSugreev
narendramodi,impankajmani
narendramodi,Chinmaestro
narendramodi,Jkpatelgujarat
narendramodi,surnell
narendramodi,pradipsinhbjp
narendramodi,VarshabenDoshi
narendramodi,mangubhaipatel1
narendramodi,jigar_inamdar
narendramodi,prafulkpatel
narendramodi,BJP4TapiJilla
narendramodi,bjpitcell_anand
narendramodi,itcell_sk
narendramodi,BJP4Karnavati
narendramodi,bjpitcellrajkot
narendramodi,iSupportNamo
narendramodi,nsitharaman
narendramodi,InfoGujarat
narendramodi,GujaratIndia
narendramodi,BJP4Gujarat
narendramodi,GujaratTourism
narendramodi,parakala
narendramodi,sanjaybengani
narendramodi,amsrjn
narendramodi,dubash
narendramodi,bgmahesh
narendramodi,aapkaCM
narendramodi,VibrantGujarat
narendramodi,buzzindelhi
narendramodi,Dev_Jurix
narendramodi,HerrBains
narendramodi,shilpitewari
narendramodi,AnupamPKher
narendramodi,YouthBJP
narendramodi,swapan55
narendramodi,foreversky
narendramodi,REINSTALLINDIA
narendramodi,actindia
narendramodi,garg09
narendramodi,rangats
narendramodi,SJVatsal
narendramodi,SMedia4
narendramodi,NaMoleague
narendramodi,MrSanderzz
narendramodi,centerofright
narendramodi,chhayank
narendramodi,amitmalviya
narendramodi,RoshniiAgarwal
narendramodi,shashidigital
narendramodi,prasannavishy
narendramodi,ravighiyar
narendramodi,JaydipParikh
narendramodi,pravasibharteey
narendramodi,nipashah
narendramodi,KiranKS
narendramodi,YashGandhi586
narendramodi,indian
narendramodi,nationalizer
narendramodi,MrsGandhi
narendramodi,Great_Gujarati
narendramodi,Nisharp
narendramodi,vinod_sharma
narendramodi,RMantri
narendramodi,AseemDokania
narendramodi,Vande_Mataram
narendramodi,Rao_Krishna
narendramodi,nikhilnarayanan
narendramodi,visaraj
narendramodi,ramkumaran
narendramodi,hootsuite
narendramodi,SoulInExile
narendramodi,_Innovision
narendramodi,pravinbarai
narendramodi,RajeevSrinivasa
narendramodi,prohedonist
narendramodi,rajul_joshi
narendramodi,deejasti
narendramodi,AkhilRana18
narendramodi,Spirit_Hindutva
narendramodi,jyotirgamaya
narendramodi,Deshraga
narendramodi,Deshabhakta
narendramodi,shivsBHARAT
narendramodi,NR_Tatvamasi
narendramodi,Rona36
narendramodi,AshikGosaliya
narendramodi,SureshNakhua
narendramodi,goggabachchan
narendramodi,sudhakarreddys
narendramodi,sanjeevirao
narendramodi,PawanDurani
narendramodi,VAJR
narendramodi,Flyfiddlesticks
narendramodi,atanudey
narendramodi,ssudhirkumar
narendramodi,swetasamota
narendramodi,pst4bjp
narendramodi,pankaj_bengani
narendramodi,csspk
narendramodi,pranasutra
narendramodi,MeenaDasNarayan
narendramodi,amishra77
narendramodi,Lata_MV
narendramodi,Witty_Brain
narendramodi,jkanthtl
narendramodi,Magnitudehigh
narendramodi,shrey7
narendramodi,TheNileshDesai
narendramodi,iKatolicious
narendramodi,Against_Pseudos
narendramodi,rajyarao
narendramodi,vamshitweet
narendramodi,mvaru
narendramodi,kapil_dev
narendramodi,theprudent
narendramodi,anilkohli54
narendramodi,Shivgad
narendramodi,AshDubey_
narendramodi,vivakermani
narendramodi,SrivatsaKrishna
narendramodi,GolPuri
narendramodi,ranganaathan
narendramodi,emanin
narendramodi,sumitrana1
narendramodi,gr_kini
narendramodi,Dosabandit
narendramodi,Devanshi137
narendramodi,jayal_89
narendramodi,GirishRSingh
narendramodi,satyamevajayate
narendramodi,bijugovind
narendramodi,anishtrip
narendramodi,deepakvdani
narendramodi,ProjectDharma
narendramodi,satyabhashnam
narendramodi,Chopdasaab
narendramodi,ChetanAggarwal
narendramodi,talmukund
narendramodi,AshishSainram
narendramodi,zookybeans
narendramodi,ThinkersPad
narendramodi,jemin_p
narendramodi,yuvrajsays
narendramodi,asraghunath
narendramodi,Sushand
narendramodi,suchetadalal
narendramodi,nixxin
narendramodi,i_panchajanya
narendramodi,HITESHPANDYA
narendramodi,rajeshjain
narendramodi,OrganiserWeekly
narendramodi,vijai63
narendramodi,RajatSharmaLive
narendramodi,SriSri
narendramodi,sgurumurthy
narendramodi,PrabhuChawla
narendramodi,PTI_News
narendramodi,YouTubeIndia
narendramodi,singh_prakash
narendramodi,Oneindia
narendramodi,GVLNRAO
narendramodi,MalikAshok
narendramodi,tavleen_singh
narendramodi,devangnanavati
narendramodi,KanchanGupta
narendramodi,BillGates
narendramodi,gatesfoundation
narendramodi,UN
narendramodi,10DowningStreet
narendramodi,BarackObama
narendramodi,DalaiLama
narendramodi,akshaykumar
narendramodi,chetan_bhagat
narendramodi,virendersehwag
narendramodi,mangeshkarlata
narendramodi,sachin_rt
narendramodi,SrBachchan
narendramodi,dineshdasa1
narendramodi,balu_shukla
narendramodi,BJP4TamilNadu
narendramodi,sewabharati
narendramodi,SanghParivarOrg
narendramodi,BJP4Karnataka
narendramodi,kishanreddybjp
narendramodi,friendsofbjp
narendramodi,smritiirani
narendramodi,poonam_mahajan
narendramodi,vinay1011
narendramodi,Tarunvijay
narendramodi,drramansingh
narendramodi,SushmaSwaraj
narendramodi,DeshGujarat
narendramodi,sadbhavana_guj
narendramodi,narendramodi_in
